area,supervisor,articles_in_period,articles_assigned_to_area,articles_with_embedding,eligible
B,Adibe Luiz Abdalla,83,36,36,1
B,Antonio Vargas de Oliveira Figueira,27,25,25,1
B,Cassio Hamilton Abreu Junior,35,28,28,1
B,Diego Mauricio Riaño Pachón,27,26,26,1
B,Elisabete Aparecida De Nadai Fernandes,20,5,5,1
B,Ernani Pinto Junior,58,23,23,1
B,Flavia Vischi Winck,17,16,16,1
B,Francisco Scaglia Linhares,13,13,13,1
B,Helder Louvandini,62,29,29,1
B,Hudson Wallace Pereira de Carvalho,80,47,47,1
B,José Lavres Junior,90,82,82,1
B,Kassio Ferreira Mendes,75,25,25,1
B,Lucas William Mendes,155,148,148,1
B,Luiz Carlos Ruiz Pessenda,37,12,12,1
B,Marisa de Cassia Piccolo,36,28,28,1
B,Marli de Fatima Fiore,32,29,29,1
B,Tsai Siu Mui,73,65,65,1
N,Adibe Luiz Abdalla,83,46,46,1
N,Cassio Hamilton Abreu Junior,35,31,31,1
N,Elisabete Aparecida De Nadai Fernandes,20,4,4,1
N,Helder Louvandini,62,32,32,1
N,Hudson Wallace Pereira de Carvalho,80,42,42,1
N,José Lavres Junior,90,34,34,1
N,Kassio Ferreira Mendes,75,59,59,1
N,Luiz Carlos Ruiz Pessenda,37,35,35,1
N,Marli de Fatima Fiore,32,2,2,1
N,Tsai Siu Mui,73,19,19,1
N,Luiz Antonio Martinelli,48,42,42,1
N,Quirijn de Jong van Lier,46,45,45,1
N,Thiago de Araújo Mastrangelo,14,14,14,1
N,Valter Arthur,42,32,32,1
Q,Adibe Luiz Abdalla,83,52,52,1
Q,Cassio Hamilton Abreu Junior,35,8,8,1
Q,Elisabete Aparecida De Nadai Fernandes,20,17,17,1
Q,Ernani Pinto Junior,58,47,47,1
Q,Hudson Wallace Pereira de Carvalho,80,40,40,1
Q,José Lavres Junior,90,15,15,1
Q,Kassio Ferreira Mendes,75,29,29,1
Q,Luiz Carlos Ruiz Pessenda,37,3,3,1
Q,Marli de Fatima Fiore,32,9,9,1
Q,Tsai Siu Mui,73,4,4,1
Q,Alex Virgilio,14,12,12,1
Q,Celia Regina Montes,20,9,9,1
Q,Fabio Rodrigo Piovezani Rocha,45,44,44,1
Q,Marcos Yassuo Kamogawa,5,4,4,1
Q,Severino Matias de Alencar,104,97,97,1
Q,Wanessa Melchert Mattos,35,35,35,1
