id,label,supervisor,area,area_name,original_areas,article_count,abstract_count,louvain,proposed_group,top_terms
B::Adibe Luiz Abdalla,Adibe Luiz Abdalla,Adibe Luiz Abdalla,B,Biologia na Agricultura e no Ambiente,B+N+Q,36,27,B1,B1,methane; rumen; diversifolia; production; tithonia; fermentation; animal; tithonia diversifolia
B::Antonio Vargas de Oliveira Figueira,Antonio Vargas de Oliveira Figueira,Antonio Vargas de Oliveira Figueira,B,Biologia na Agricultura e no Ambiente,B,25,21,B2,B1,tomato; cacao; saccharum; domestication; perniciosa; moniliophthora; theobroma; cytokinin
B::Cassio Hamilton Abreu Junior,Cassio Hamilton Abreu Junior,Cassio Hamilton Abreu Junior,B,Biologia na Agricultura e no Ambiente,B+N+Q,28,21,B1,B1,sewage; sewage sludge; soil; sludge; css; crop; composted sewage; composted
B::Diego Mauricio Riaño Pachón,Diego Mauricio Riaño Pachón,Diego Mauricio Riaño Pachón,B,Biologia na Agricultura e no Ambiente,B,26,24,B2,B1,gene; expression; genes; genome; gene expression; cell; sugarcane; sequences
B::Elisabete Aparecida De Nadai Fernandes,Elisabete Aparecida De Nadai Fernandes,Elisabete Aparecida De Nadai Fernandes,B,Biologia na Agricultura e no Ambiente,B+N+Q,5,3,B3,B2,beef; beef cattle; colubriformis; trichostrongylus colubriformis; trichostrongylus; fecal; fecal microbiome; colubriformis gastrointestinal
B::Ernani Pinto Junior,Ernani Pinto Junior,Ernani Pinto Junior,B,Biologia na Agricultura e no Ambiente,B+Q,23,17,B2,B1,cyanobacteria; cyanobacterial; metabolites; blooms; aeruginosa; microcystis; cyanobacterial blooms; microcystis aeruginosa
B::Flavia Vischi Winck,Flavia Vischi Winck,Flavia Vischi Winck,B,Biologia na Agricultura e no Ambiente,B,16,14,B2,B1,microalgae; chlamydomonas; reinhardtii; chlamydomonas reinhardtii; programming; regulation; workshop; applications
B::Francisco Scaglia Linhares,Francisco Scaglia Linhares,Francisco Scaglia Linhares,B,Biologia na Agricultura e no Ambiente,B,13,10,B1,B1,leaf; soybean; potassium; accumulation; pollen; seed; calcium; photosynthesis
B::Helder Louvandini,Helder Louvandini,Helder Louvandini,B,Biologia na Agricultura e no Ambiente,B+N,29,15,B3,B1,contortus; haemonchus; haemonchus contortus; lambs; sheep; animal; trichostrongylus; colubriformis
B::Hudson Wallace Pereira de Carvalho,Hudson Wallace Pereira de Carvalho,Hudson Wallace Pereira de Carvalho,B,Biologia na Agricultura e no Ambiente,B+N+Q,47,33,B1,B1,x-ray; zinc; soybean; fluorescence; x-ray fluorescence; seed; manganese; uptake
B::José Lavres Junior,José Lavres Junior,José Lavres Junior,B,Biologia na Agricultura e no Ambiente,B+N+Q,82,51,B1,B1,efficiency; nitrogen; fertilization; use efficiency; nutrient; eucalyptus; leaf; soil
B::Kassio Ferreira Mendes,Kassio Ferreira Mendes,Kassio Ferreira Mendes,B,Biologia na Agricultura e no Ambiente,B+N+Q,25,23,B1,B1,herbicide; weed; weed control; herbicides; glyphosate; weeds; phytoremediation; soil
B::Lucas William Mendes,Lucas William Mendes,Lucas William Mendes,B,Biologia na Agricultura e no Ambiente,B,148,71,B3,B1,microbial; soil; microbiome; rhizosphere; bacterial; communities; community; plant
B::Luiz Carlos Ruiz Pessenda,Luiz Carlos Ruiz Pessenda,Luiz Carlos Ruiz Pessenda,B,Biologia na Agricultura e no Ambiente,B+N+Q,12,5,B3,B3,mangrove; avicennia; holocene; mangroves; gulf; hurricanes; climate; flats
B::Marisa de Cassia Piccolo,Marisa de Cassia Piccolo,Marisa de Cassia Piccolo,B,Biologia na Agricultura e no Ambiente,B,28,20,B1,B1,silicon; stoichiometry; nutrient; carbon; fertigation; soil; water; sugarcane
B::Marli de Fatima Fiore,Marli de Fatima Fiore,Marli de Fatima Fiore,B,Biologia na Agricultura e no Ambiente,B+N+Q,29,23,B2,B1,cyanobacteria; cyanobacterial; lakes; strains; soda; genome; soda lakes; pantanal
B::Tsai Siu Mui,Tsai Siu Mui,Tsai Siu Mui,B,Biologia na Agricultura e no Ambiente,B+N+Q,65,46,B3,B1,soil; forest; microbial; amazon; amazonian; communities; methane; microbial communities
N::Adibe Luiz Abdalla,Adibe Luiz Abdalla,Adibe Luiz Abdalla,N,Energia Nuclear na Agricultura e no Ambiente,B+N+Q,46,30,N3,N2,methane; emissions; gas; sheep; lambs; feed; rumen; production
N::Cassio Hamilton Abreu Junior,Cassio Hamilton Abreu Junior,Cassio Hamilton Abreu Junior,N,Energia Nuclear na Agricultura e no Ambiente,B+N+Q,31,23,N1,N1,soil; sewage; sewage sludge; sludge; css; fertilizer; composted; composted sewage
N::Elisabete Aparecida De Nadai Fernandes,Elisabete Aparecida De Nadai Fernandes,Elisabete Aparecida De Nadai Fernandes,N,Energia Nuclear na Agricultura e no Ambiente,B+N+Q,4,2,N2,N2,colubriformis; trichostrongylus colubriformis; colubriformis gastrointestinal; trichostrongylus; phosphorus; metabolism; gastrointestinal; infection
N::Helder Louvandini,Helder Louvandini,Helder Louvandini,N,Energia Nuclear na Agricultura e no Ambiente,B+N,32,18,N3,N2,sheep; lambs; trichostrongylus; animal; haemonchus; contortus; colubriformis; haemonchus contortus
N::Hudson Wallace Pereira de Carvalho,Hudson Wallace Pereira de Carvalho,Hudson Wallace Pereira de Carvalho,N,Energia Nuclear na Agricultura e no Ambiente,B+N+Q,42,22,N2,N1,x-ray; x-ray fluorescence; fluorescence; soybean; soil; xrf; zinc; potassium
N::José Lavres Junior,José Lavres Junior,José Lavres Junior,N,Energia Nuclear na Agricultura e no Ambiente,B+N+Q,34,22,N2,N1,soil; fertilization; eucalyptus; tropical; cadmium; uptake; micronutrient; xrf
N::Kassio Ferreira Mendes,Kassio Ferreira Mendes,Kassio Ferreira Mendes,N,Energia Nuclear na Agricultura e no Ambiente,B+N+Q,59,52,N2,N1,herbicide; weed; weed control; herbicides; control; glyphosate; soil; pre-emergence
N::Luiz Carlos Ruiz Pessenda,Luiz Carlos Ruiz Pessenda,Luiz Carlos Ruiz Pessenda,N,Energia Nuclear na Agricultura e no Ambiente,B+N+Q,35,17,N1,N1,mangrove; holocene; mangroves; sea-level; vegetation; avicennia; coastal; climate
N::Marli de Fatima Fiore,Marli de Fatima Fiore,Marli de Fatima Fiore,N,Energia Nuclear na Agricultura e no Ambiente,B+N+Q,2,1,N1,N3,lakes; cyanobacteria; lakes pantanal; pantanal; arsenic; platensis; limnospira; bioaccumulation
N::Tsai Siu Mui,Tsai Siu Mui,Tsai Siu Mui,N,Energia Nuclear na Agricultura e no Ambiente,B+N+Q,19,12,N1,N1,amazon; soil; restoration; carbon; forest; soil carbon; forest restoration; microbial
N::Luiz Antonio Martinelli,Luiz Antonio Martinelli,Luiz Antonio Martinelli,N,Energia Nuclear na Agricultura e no Ambiente,N,42,26,N1,N1,isotopes; stable; stable isotopes; nitrogen; carbon; forest; ecology; aquatic
N::Quirijn de Jong van Lier,Quirijn de Jong van Lier,Quirijn de Jong van Lier,N,Energia Nuclear na Agricultura e no Ambiente,N,45,31,N1,N1,water; soil; hydraulic; soil water; model; soil hydraulic; conductivity; hydraulic conductivity
N::Thiago de Araújo Mastrangelo,Thiago de Araújo Mastrangelo,Thiago de Araújo Mastrangelo,N,Energia Nuclear na Agricultura e no Ambiente,N,14,12,N2,N2,insect; sterile; insect technique; sterile insect; technique; rearing; fly; convolutional
N::Valter Arthur,Valter Arthur,Valter Arthur,N,Energia Nuclear na Agricultura e no Ambiente,N,32,31,N2,N2,radiation; gamma; irradiation; dose; gamma radiation; doses; gamma irradiation; ionizing
Q::Adibe Luiz Abdalla,Adibe Luiz Abdalla,Adibe Luiz Abdalla,Q,Química na Agricultura e no Ambiente,B+N+Q,52,37,Q1,Q1,methane; feed; rumen; fermentation; gas; matter; production; ruminant
Q::Cassio Hamilton Abreu Junior,Cassio Hamilton Abreu Junior,Cassio Hamilton Abreu Junior,Q,Química na Agricultura e no Ambiente,B+N+Q,8,6,Q2,Q1,soil; quarry; caenorhabditis; caenorhabditis elegans; elegans; graphene; graphene oxide; oxide
Q::Elisabete Aparecida De Nadai Fernandes,Elisabete Aparecida De Nadai Fernandes,Elisabete Aparecida De Nadai Fernandes,Q,Química na Agricultura e no Ambiente,B+N+Q,17,8,Q1,Q1,neutron; neutron activation; activation; elements; reference; trace elements; trace; reference materials
Q::Ernani Pinto Junior,Ernani Pinto Junior,Ernani Pinto Junior,Q,Química na Agricultura e no Ambiente,B+Q,47,31,Q4,Q3,cyanobacterial; cyanobacteria; metabolites; blooms; cyanotoxins; microcystins; toxicity; water
Q::Hudson Wallace Pereira de Carvalho,Hudson Wallace Pereira de Carvalho,Hudson Wallace Pereira de Carvalho,Q,Química na Agricultura e no Ambiente,B+N+Q,40,27,Q2,Q1,zinc; x-ray; x-ray fluorescence; fluorescence; soybean; seed; soil; fertilizer
Q::José Lavres Junior,José Lavres Junior,José Lavres Junior,Q,Química na Agricultura e no Ambiente,B+N+Q,15,11,Q2,Q1,soil; urea; nbpt; nickel; uptake; fertilizer; application; xrf
Q::Kassio Ferreira Mendes,Kassio Ferreira Mendes,Kassio Ferreira Mendes,Q,Química na Agricultura e no Ambiente,B+N+Q,29,22,Q2,Q1,herbicide; soil; sorption; desorption; soils; weed; biochar; weed control
Q::Luiz Carlos Ruiz Pessenda,Luiz Carlos Ruiz Pessenda,Luiz Carlos Ruiz Pessenda,Q,Química na Agricultura e no Ambiente,B+N+Q,3,3,Q3,Q2,mercury; flameless; flameless atomic; total mercury; flow; flow cell; natural waters; stannous
Q::Marli de Fatima Fiore,Marli de Fatima Fiore,Marli de Fatima Fiore,Q,Química na Agricultura e no Ambiente,B+N+Q,9,4,Q4,Q3,cyanobacterial; cyanobacteria; blooms; aeruginosa; microcystis aeruginosa; microcystis; lakes; amino
Q::Tsai Siu Mui,Tsai Siu Mui,Tsai Siu Mui,Q,Química na Agricultura e no Ambiente,B+N+Q,4,1,Q3,Q2,geology; geology geology; jst; jst 京大機械翻訳; 京大機械翻訳; 化学的およひ微生物学的属性に及ほす燃焼およひ非燃焼サトウキヒ収穫システムの影響; 化学的およひ微生物学的属性に及ほす燃焼およひ非燃焼サトウキヒ収穫システムの影響 jst; 土壌co_2放出およひ土壌の物理的
Q::Alex Virgilio,Alex Virgilio,Alex Virgilio,Q,Química na Agricultura e no Ambiente,Q,12,8,Q1,Q1,digestion; trace; microwave; microwave digestion; preparation; elemental; elements; trace elements
Q::Celia Regina Montes,Celia Regina Montes,Celia Regina Montes,Q,Química na Agricultura e no Ambiente,Q,9,5,Q3,Q2,soil; distribution; soils; pantanal; podzol; horizons; humic; amazonian
Q::Fabio Rodrigo Piovezani Rocha,Fabio Rodrigo Piovezani Rocha,Fabio Rodrigo Piovezani Rocha,Q,Química na Agricultura e no Ambiente,Q,44,21,Q1,Q1,determination; milk; green; analytical; digital; chemistry; sample; analytical chemistry
Q::Marcos Yassuo Kamogawa,Marcos Yassuo Kamogawa,Marcos Yassuo Kamogawa,Q,Química na Agricultura e no Ambiente,Q,4,3,Q2,Q1,phosphate; slow-release; closed vessels; vessels; hydroxyapatite; fertilizers; closed; ultrastructure
Q::Severino Matias de Alencar,Severino Matias de Alencar,Severino Matias de Alencar,Q,Química na Agricultura e no Ambiente,Q,97,62,Q1,Q1,activity; antioxidant; compounds; propolis; phenolic; anti-inflammatory; antioxidant activity; digestion
Q::Wanessa Melchert Mattos,Wanessa Melchert Mattos,Wanessa Melchert Mattos,Q,Química na Agricultura e no Ambiente,Q,35,16,Q1,Q1,green; extraction; chemistry; coffee; food; pesticide; analytical; analytical chemistry
