id,label,area_group,area_names,in_B,in_N,in_Q,article_count,text_article_count,abstract_count,keyword_count
Adibe Luiz Abdalla,Adibe Luiz Abdalla,B+N+Q,Biologia na Agricultura e no Ambiente; Energia Nuclear na Agricultura e no Ambiente; Química na Agricultura e no Ambiente,1,1,1,83,83,59,83
Antonio Vargas de Oliveira Figueira,Antonio Vargas de Oliveira Figueira,B,Biologia na Agricultura e no Ambiente,1,0,0,27,27,22,27
Cassio Hamilton Abreu Junior,Cassio Hamilton Abreu Junior,B+N+Q,Biologia na Agricultura e no Ambiente; Energia Nuclear na Agricultura e no Ambiente; Química na Agricultura e no Ambiente,1,1,1,35,35,26,35
Diego Mauricio Riaño Pachón,Diego Mauricio Riaño Pachón,B,Biologia na Agricultura e no Ambiente,1,0,0,27,27,25,27
Elisabete Aparecida De Nadai Fernandes,Elisabete Aparecida De Nadai Fernandes,B+N+Q,Biologia na Agricultura e no Ambiente; Energia Nuclear na Agricultura e no Ambiente; Química na Agricultura e no Ambiente,1,1,1,20,20,10,20
Ernani Pinto Junior,Ernani Pinto Junior,B+Q,Biologia na Agricultura e no Ambiente; Química na Agricultura e no Ambiente,1,0,1,58,58,40,58
Flavia Vischi Winck,Flavia Vischi Winck,B,Biologia na Agricultura e no Ambiente,1,0,0,17,17,15,17
Francisco Scaglia Linhares,Francisco Scaglia Linhares,B,Biologia na Agricultura e no Ambiente,1,0,0,13,13,10,13
Helder Louvandini,Helder Louvandini,B+N,Biologia na Agricultura e no Ambiente; Energia Nuclear na Agricultura e no Ambiente,1,1,0,62,62,36,62
Hudson Wallace Pereira de Carvalho,Hudson Wallace Pereira de Carvalho,B+N+Q,Biologia na Agricultura e no Ambiente; Energia Nuclear na Agricultura e no Ambiente; Química na Agricultura e no Ambiente,1,1,1,80,80,50,80
José Lavres Junior,José Lavres Junior,B+N+Q,Biologia na Agricultura e no Ambiente; Energia Nuclear na Agricultura e no Ambiente; Química na Agricultura e no Ambiente,1,1,1,90,90,57,90
Kassio Ferreira Mendes,Kassio Ferreira Mendes,B+N+Q,Biologia na Agricultura e no Ambiente; Energia Nuclear na Agricultura e no Ambiente; Química na Agricultura e no Ambiente,1,1,1,75,75,63,75
Lucas William Mendes,Lucas William Mendes,B,Biologia na Agricultura e no Ambiente,1,0,0,155,155,77,154
Luiz Carlos Ruiz Pessenda,Luiz Carlos Ruiz Pessenda,B+N+Q,Biologia na Agricultura e no Ambiente; Energia Nuclear na Agricultura e no Ambiente; Química na Agricultura e no Ambiente,1,1,1,37,37,19,37
Marisa de Cassia Piccolo,Marisa de Cassia Piccolo,B,Biologia na Agricultura e no Ambiente,1,0,0,36,36,25,36
Marli de Fatima Fiore,Marli de Fatima Fiore,B+N+Q,Biologia na Agricultura e no Ambiente; Energia Nuclear na Agricultura e no Ambiente; Química na Agricultura e no Ambiente,1,1,1,32,32,24,31
Tsai Siu Mui,Tsai Siu Mui,B+N+Q,Biologia na Agricultura e no Ambiente; Energia Nuclear na Agricultura e no Ambiente; Química na Agricultura e no Ambiente,1,1,1,73,73,50,73
Luiz Antonio Martinelli,Luiz Antonio Martinelli,N,Energia Nuclear na Agricultura e no Ambiente,0,1,0,48,48,29,48
Quirijn de Jong van Lier,Quirijn de Jong van Lier,N,Energia Nuclear na Agricultura e no Ambiente,0,1,0,46,46,32,46
Thiago de Araújo Mastrangelo,Thiago de Araújo Mastrangelo,N,Energia Nuclear na Agricultura e no Ambiente,0,1,0,14,14,12,14
Valter Arthur,Valter Arthur,N,Energia Nuclear na Agricultura e no Ambiente,0,1,0,42,42,40,42
Alex Virgilio,Alex Virgilio,Q,Química na Agricultura e no Ambiente,0,0,1,14,14,10,14
Celia Regina Montes,Celia Regina Montes,Q,Química na Agricultura e no Ambiente,0,0,1,20,20,11,20
Fabio Rodrigo Piovezani Rocha,Fabio Rodrigo Piovezani Rocha,Q,Química na Agricultura e no Ambiente,0,0,1,45,45,22,45
Marcos Yassuo Kamogawa,Marcos Yassuo Kamogawa,Q,Química na Agricultura e no Ambiente,0,0,1,5,5,4,5
Severino Matias de Alencar,Severino Matias de Alencar,Q,Química na Agricultura e no Ambiente,0,0,1,104,104,66,104
Wanessa Melchert Mattos,Wanessa Melchert Mattos,Q,Química na Agricultura e no Ambiente,0,0,1,35,35,16,35
