supervisor,Adibe Luiz Abdalla,Antonio Vargas de Oliveira Figueira,Cassio Hamilton Abreu Junior,Diego Mauricio Riaño Pachón,Elisabete Aparecida De Nadai Fernandes,Ernani Pinto Junior,Flavia Vischi Winck,Francisco Scaglia Linhares,Helder Louvandini,Hudson Wallace Pereira de Carvalho,José Lavres Junior,Kassio Ferreira Mendes,Lucas William Mendes,Luiz Carlos Ruiz Pessenda,Marisa de Cassia Piccolo,Marli de Fatima Fiore,Tsai Siu Mui,Luiz Antonio Martinelli,Quirijn de Jong van Lier,Thiago de Araújo Mastrangelo,Valter Arthur,Alex Virgilio,Celia Regina Montes,Fabio Rodrigo Piovezani Rocha,Marcos Yassuo Kamogawa,Severino Matias de Alencar,Wanessa Melchert Mattos
Adibe Luiz Abdalla,1.000000,0.673574,0.705364,0.632813,0.764807,0.614167,0.645591,0.701731,0.774684,0.719579,0.737723,0.693898,0.680916,0.490595,0.735309,0.559179,0.681115,0.762128,0.566461,0.675954,0.743989,0.768616,0.538308,0.616293,0.641740,0.688686,0.663315
Antonio Vargas de Oliveira Figueira,0.673574,1.000000,0.690847,0.859801,0.622324,0.612330,0.704144,0.838965,0.667527,0.716189,0.768912,0.741733,0.794666,0.484340,0.726128,0.700941,0.760563,0.699293,0.463327,0.738119,0.667474,0.505037,0.501378,0.412732,0.486657,0.631459,0.487693
Cassio Hamilton Abreu Junior,0.705364,0.690847,1.000000,0.595549,0.632607,0.539739,0.590315,0.792183,0.606874,0.888593,0.903173,0.857233,0.771412,0.562474,0.942938,0.520933,0.785468,0.819880,0.808289,0.564543,0.647640,0.637159,0.742886,0.524697,0.797263,0.493787,0.513143
Diego Mauricio Riaño Pachón,0.632813,0.859801,0.595549,1.000000,0.645642,0.698045,0.828983,0.751066,0.646970,0.652673,0.665300,0.654761,0.753360,0.511322,0.619290,0.791847,0.745558,0.690946,0.427006,0.719719,0.654388,0.567067,0.525225,0.487553,0.476465,0.638707,0.528535
Elisabete Aparecida De Nadai Fernandes,0.764807,0.622324,0.632607,0.645642,1.000000,0.585754,0.629997,0.661195,0.711121,0.701887,0.674562,0.597166,0.551958,0.404683,0.632439,0.540961,0.566444,0.687540,0.461221,0.672969,0.711013,0.822666,0.476804,0.687438,0.626745,0.684839,0.679180
Ernani Pinto Junior,0.614167,0.612330,0.539739,0.698045,0.585754,1.000000,0.769031,0.576678,0.660181,0.651028,0.592013,0.721586,0.660448,0.497133,0.505110,0.849216,0.620522,0.604377,0.354268,0.580416,0.666438,0.617961,0.607160,0.610853,0.543962,0.770026,0.675329
Flavia Vischi Winck,0.645591,0.704144,0.590315,0.828983,0.629997,0.769031,1.000000,0.695241,0.650826,0.672538,0.634970,0.648879,0.734669,0.451982,0.612170,0.776478,0.694759,0.636917,0.412392,0.614044,0.663762,0.622149,0.541348,0.575873,0.582125,0.705651,0.589134
Francisco Scaglia Linhares,0.701731,0.838965,0.792183,0.751066,0.661195,0.576678,0.695241,1.000000,0.648988,0.849372,0.778879,0.780521,0.725189,0.468060,0.830378,0.587299,0.700340,0.710360,0.568425,0.650826,0.733193,0.583649,0.563873,0.511748,0.659705,0.606183,0.543459
Helder Louvandini,0.774684,0.667527,0.606874,0.646970,0.711121,0.660181,0.650826,0.648988,1.000000,0.642412,0.640434,0.646636,0.646507,0.411269,0.617511,0.584797,0.602543,0.652548,0.436100,0.703029,0.694214,0.691328,0.444575,0.516472,0.534926,0.717505,0.585475
Hudson Wallace Pereira de Carvalho,0.719579,0.716189,0.888593,0.652673,0.701887,0.651028,0.672538,0.849372,0.642412,1.000000,0.915914,0.859658,0.710811,0.497905,0.877753,0.596900,0.697157,0.750420,0.678368,0.637016,0.778612,0.722972,0.701645,0.694150,0.828449,0.623277,0.663215
José Lavres Junior,0.737723,0.768912,0.903173,0.665300,0.674562,0.592013,0.634970,0.778879,0.640434,0.915914,1.000000,0.853176,0.769647,0.520994,0.934570,0.576675,0.772361,0.793070,0.712050,0.603489,0.725121,0.637915,0.680378,0.562302,0.768871,0.574625,0.562903
Kassio Ferreira Mendes,0.693898,0.741733,0.857233,0.654761,0.597166,0.721586,0.648879,0.780521,0.646636,0.859658,0.853176,1.000000,0.767102,0.547577,0.831757,0.647105,0.740213,0.751814,0.654738,0.665137,0.757816,0.613940,0.689119,0.583429,0.724036,0.645955,0.652228
Lucas William Mendes,0.680916,0.794666,0.771412,0.753360,0.551958,0.660448,0.734669,0.725189,0.646507,0.710811,0.769647,0.767102,1.000000,0.576677,0.782441,0.770630,0.903535,0.778071,0.600055,0.629251,0.550656,0.491576,0.672830,0.406867,0.546632,0.561196,0.462307
Luiz Carlos Ruiz Pessenda,0.490595,0.484340,0.562474,0.511322,0.404683,0.497133,0.451982,0.468060,0.411269,0.497905,0.520994,0.547577,0.576677,1.000000,0.578998,0.589123,0.683020,0.795674,0.578420,0.409598,0.429200,0.402923,0.794453,0.333630,0.421646,0.293938,0.332149
Marisa de Cassia Piccolo,0.735309,0.726128,0.942938,0.619290,0.632439,0.505110,0.612170,0.830378,0.617511,0.877753,0.934570,0.831757,0.782441,0.578998,1.000000,0.515595,0.781981,0.844628,0.795720,0.568988,0.656641,0.619550,0.738410,0.515063,0.760425,0.480645,0.509846
Marli de Fatima Fiore,0.559179,0.700941,0.520933,0.791847,0.540961,0.849216,0.776478,0.587299,0.584797,0.596900,0.576675,0.647105,0.770630,0.589123,0.515595,1.000000,0.739382,0.655930,0.370147,0.580063,0.554444,0.519478,0.637694,0.488323,0.462098,0.620124,0.551104
Tsai Siu Mui,0.681115,0.760563,0.785468,0.745558,0.566444,0.620522,0.694759,0.700340,0.602543,0.697157,0.772361,0.740213,0.903535,0.683020,0.781981,0.739382,1.000000,0.859442,0.670078,0.582583,0.530461,0.505641,0.781440,0.420360,0.561443,0.493291,0.445205
Luiz Antonio Martinelli,0.762128,0.699293,0.819880,0.690946,0.687540,0.604377,0.636917,0.710360,0.652548,0.750420,0.793070,0.751814,0.778071,0.795674,0.844628,0.655930,0.859442,1.000000,0.728912,0.597660,0.644568,0.650233,0.815775,0.531820,0.649882,0.502267,0.546447
Quirijn de Jong van Lier,0.566461,0.463327,0.808289,0.427006,0.461221,0.354268,0.412392,0.568425,0.436100,0.678368,0.712050,0.654738,0.600055,0.578420,0.795720,0.370147,0.670078,0.728912,1.000000,0.396027,0.406470,0.536658,0.763753,0.478061,0.701372,0.242685,0.399338
Thiago de Araújo Mastrangelo,0.675954,0.738119,0.564543,0.719719,0.672969,0.580416,0.614044,0.650826,0.703029,0.637016,0.603489,0.665137,0.629251,0.409598,0.568988,0.580063,0.582583,0.597660,0.396027,1.000000,0.716478,0.550511,0.400157,0.447603,0.429077,0.555400,0.463197
Valter Arthur,0.743989,0.667474,0.647640,0.654388,0.711013,0.666438,0.663762,0.733193,0.694214,0.778612,0.725121,0.757816,0.550656,0.429200,0.656641,0.554444,0.530461,0.644568,0.406470,0.716478,1.000000,0.745646,0.468052,0.704205,0.623585,0.695973,0.679729
Alex Virgilio,0.768616,0.505037,0.637159,0.567067,0.822666,0.617961,0.622149,0.583649,0.691328,0.722972,0.637915,0.613940,0.491576,0.402923,0.619550,0.519478,0.505641,0.650233,0.536658,0.550511,0.745646,1.000000,0.562675,0.845116,0.727446,0.668234,0.791319
Celia Regina Montes,0.538308,0.501378,0.742886,0.525225,0.476804,0.607160,0.541348,0.563873,0.444575,0.701645,0.680378,0.689119,0.672830,0.794453,0.738410,0.637694,0.781440,0.815775,0.763753,0.400157,0.468052,0.562675,1.000000,0.519941,0.681880,0.379330,0.495424
Fabio Rodrigo Piovezani Rocha,0.616293,0.412732,0.524697,0.487553,0.687438,0.610853,0.575873,0.511748,0.516472,0.694150,0.562302,0.583429,0.406867,0.333630,0.515063,0.488323,0.420360,0.531820,0.478061,0.447603,0.704205,0.845116,0.519941,1.000000,0.726810,0.663364,0.875404
Marcos Yassuo Kamogawa,0.641740,0.486657,0.797263,0.476465,0.626745,0.543962,0.582125,0.659705,0.534926,0.828449,0.768871,0.724036,0.546632,0.421646,0.760425,0.462098,0.561443,0.649882,0.701372,0.429077,0.623585,0.727446,0.681880,0.726810,1.000000,0.526538,0.675884
Severino Matias de Alencar,0.688686,0.631459,0.493787,0.638707,0.684839,0.770026,0.705651,0.606183,0.717505,0.623277,0.574625,0.645955,0.561196,0.293938,0.480645,0.620124,0.493291,0.502267,0.242685,0.555400,0.695973,0.668234,0.379330,0.663364,0.526538,1.000000,0.796038
Wanessa Melchert Mattos,0.663315,0.487693,0.513143,0.528535,0.679180,0.675329,0.589134,0.543459,0.585475,0.663215,0.562903,0.652228,0.462307,0.332149,0.509846,0.551104,0.445205,0.546447,0.399338,0.463197,0.679729,0.791319,0.495424,0.875404,0.675884,0.796038,1.000000
