supervisor,Adibe Luiz Abdalla,Cassio Hamilton Abreu Junior,Elisabete Aparecida De Nadai Fernandes,Ernani Pinto Junior,Hudson Wallace Pereira de Carvalho,José Lavres Junior,Kassio Ferreira Mendes,Luiz Carlos Ruiz Pessenda,Marli de Fatima Fiore,Tsai Siu Mui,Alex Virgilio,Celia Regina Montes,Fabio Rodrigo Piovezani Rocha,Marcos Yassuo Kamogawa,Severino Matias de Alencar,Wanessa Melchert Mattos
Adibe Luiz Abdalla,1.000000,0.500769,0.581295,0.436765,0.502914,0.487082,0.469274,0.255480,0.335329,0.243389,0.624530,0.253169,0.480236,0.511341,0.629457,0.543141
Cassio Hamilton Abreu Junior,0.500769,1.000000,0.613422,0.453962,0.800610,0.805351,0.757992,0.472808,0.468729,0.504947,0.595946,0.664702,0.491663,0.682116,0.415375,0.447938
Elisabete Aparecida De Nadai Fernandes,0.581295,0.613422,1.000000,0.462521,0.651171,0.611734,0.536010,0.407290,0.349176,0.386481,0.814236,0.406101,0.705085,0.626621,0.613939,0.696894
Ernani Pinto Junior,0.436765,0.453962,0.462521,1.000000,0.479463,0.386429,0.563025,0.403122,0.844526,0.485890,0.475759,0.371161,0.530467,0.438020,0.548219,0.581080
Hudson Wallace Pereira de Carvalho,0.502914,0.800610,0.651171,0.479463,1.000000,0.834136,0.737149,0.445342,0.471110,0.380806,0.652557,0.586671,0.647104,0.762553,0.514895,0.582296
José Lavres Junior,0.487082,0.805351,0.611734,0.386429,0.834136,1.000000,0.717777,0.460434,0.410132,0.375473,0.632937,0.606554,0.546081,0.722357,0.396900,0.453152
Kassio Ferreira Mendes,0.469274,0.757992,0.536010,0.563025,0.737149,0.717777,1.000000,0.462145,0.509542,0.477161,0.546007,0.614709,0.559918,0.647389,0.461224,0.605036
Luiz Carlos Ruiz Pessenda,0.255480,0.472808,0.407290,0.403122,0.445342,0.460434,0.462145,1.000000,0.406725,0.529350,0.587204,0.600200,0.524721,0.457126,0.208489,0.407581
Marli de Fatima Fiore,0.335329,0.468729,0.349176,0.844526,0.471110,0.410132,0.509542,0.406725,1.000000,0.332837,0.398544,0.439178,0.429650,0.425203,0.396481,0.446954
Tsai Siu Mui,0.243389,0.504947,0.386481,0.485890,0.380806,0.375473,0.477161,0.529350,0.332837,1.000000,0.391589,0.636156,0.357632,0.431541,0.272453,0.347074
Alex Virgilio,0.624530,0.595946,0.814236,0.475759,0.652557,0.632937,0.546007,0.587204,0.398544,0.391589,1.000000,0.444113,0.803032,0.589930,0.554602,0.738246
Celia Regina Montes,0.253169,0.664702,0.406101,0.371161,0.586671,0.606554,0.614709,0.600200,0.439178,0.636156,0.444113,1.000000,0.435449,0.541584,0.188659,0.338916
Fabio Rodrigo Piovezani Rocha,0.480236,0.491663,0.705085,0.530467,0.647104,0.546081,0.559918,0.524721,0.429650,0.357632,0.803032,0.435449,1.000000,0.671078,0.578415,0.866579
Marcos Yassuo Kamogawa,0.511341,0.682116,0.626621,0.438020,0.762553,0.722357,0.647389,0.457126,0.425203,0.431541,0.589930,0.541584,0.671078,1.000000,0.488862,0.603958
Severino Matias de Alencar,0.629457,0.415375,0.613939,0.548219,0.514895,0.396900,0.461224,0.208489,0.396481,0.272453,0.554602,0.188659,0.578415,0.488862,1.000000,0.724845
Wanessa Melchert Mattos,0.543141,0.447938,0.696894,0.581080,0.582296,0.453152,0.605036,0.407581,0.446954,0.347074,0.738246,0.338916,0.866579,0.603958,0.724845,1.000000
