area,kind,id,member_count,members,top_terms,example_titles,silhouette_area
B,louvain,B1,6,Cassio Hamilton Abreu Junior; Elisabete Aparecida De Nadai Fernandes; Francisco Scaglia Linhares; Hudson Wallace Pereira de Carvalho; José Lavres Junior; Kassio Ferreira Mendes,soil; zinc; soybean; potassium; herbicide; uptake; leaf; application,A study on nickel application methods for optimizing soybean growth; Common Bean Productivity and Micronutrients in the Soil–Plant System under Residual Applications of Composted Sewage Sludge; Residual effects of composted sewage sludge on nitrogen cycling and plant metabolism in a no-till common bean-palisade grass-soybean rotation,
B,louvain,B2,5,Antonio Vargas de Oliveira Figueira; Diego Mauricio Riaño Pachón; Ernani Pinto Junior; Flavia Vischi Winck; Marli de Fatima Fiore,cyanobacteria; cyanobacterial; gene; genome; blooms; genes; amino; expression,The experience of teaching introductory programming skills to bioscientists in Brazil; The experience of teaching introductory programming skills to bioscientists in Brazil; Genomic and secondary metabolites of the marine cyanobacterium Capilliphycus salinus ALCB114379,
B,louvain,B3,4,Lucas William Mendes; Luiz Carlos Ruiz Pessenda; Marisa de Cassia Piccolo; Tsai Siu Mui,soil; microbial; communities; carbon; forest; mangrove; bacterial; change,Long-term land use in Amazon influence the dynamic of microbial communities in soil and rhizosphere; Methanogenic communities and methane emissions from enrichments of Brazilian Amazonia soils under land-use change; From deforestation to regeneration: How do land-use changes shape soil microbes and methane-cycling genes in the Eastern Amazon?,
B,louvain,B4,2,Adibe Luiz Abdalla; Helder Louvandini,sheep; methane; feed; lambs; rumen; gas; ines; santa ines,"Ruderal Tithonia diversifolia inclusion in sheep diets: impacts on digestibility and greenhouse gas emissions; Tithonia diversifolia Improves In Vitro Rumen Microbial Synthesis of Sheep Diets without Changes in Total Gas and Methane Production; Hematological, biochemical alterations and methane production in sheep submitted to mixed infection of Haemonchus contortus and Trichostrongylus colubriformis",
B,proposed,B1,11,Adibe Luiz Abdalla; Cassio Hamilton Abreu Junior; Elisabete Aparecida De Nadai Fernandes; Francisco Scaglia Linhares; Helder Louvandini; Hudson Wallace Pereira de Carvalho; José Lavres Junior; Kassio Ferreira Mendes; Lucas William Mendes; Marisa de Cassia Piccolo; Tsai Siu Mui,soil; nutrient; soybean; soils; nitrogen; zinc; sheep; microbial,Taxonomy and Functional Diversity in the Fecal Microbiome of Beef Cattle Reared in Brazilian Traditional and Semi-Intensive Production Systems; Taxonomic and functional diversity in the fecal microbiome of beef cattle reared in Brazilian traditional and semi-intensive production systems; Impact of nitrogen fertilizer sustainability on corn crop yield: the role of beneficial microbial inoculation interactions,0.146
B,proposed,B2,5,Antonio Vargas de Oliveira Figueira; Diego Mauricio Riaño Pachón; Ernani Pinto Junior; Flavia Vischi Winck; Marli de Fatima Fiore,cyanobacteria; cyanobacterial; gene; genome; blooms; genes; amino; expression,The experience of teaching introductory programming skills to bioscientists in Brazil; The experience of teaching introductory programming skills to bioscientists in Brazil; Genomic and secondary metabolites of the marine cyanobacterium Capilliphycus salinus ALCB114379,0.146
B,proposed,B3,1,Luiz Carlos Ruiz Pessenda,mangrove; holocene; mangroves; sea-level; relative sea-level; vegetation; coastal; paleoclimate,"Effects of the middle Holocene high sea‐level stand and climate on Amazonian mangroves; Assessment the Impacts of Sea-Level Changes on Mangroves of Ceará-Mirim Estuary, Northeastern Brazil, during the Holocene and Anthropocene; Impacts of sea-level changes on mangroves from southeastern Brazil during the Holocene and Anthropocene using a multi-proxy approach",0.146
N,louvain,N1,5,Adibe Luiz Abdalla; Elisabete Aparecida De Nadai Fernandes; Helder Louvandini; Thiago de Araújo Mastrangelo; Valter Arthur,sheep; irradiation; gamma; lambs; feed; gastrointestinal; production; radiation,Taxonomy and Functional Diversity in the Fecal Microbiome of Beef Cattle Reared in Brazilian Traditional and Semi-Intensive Production Systems; Taxonomic and functional diversity in the fecal microbiome of beef cattle reared in Brazilian traditional and semi-intensive production systems; Tithonia diversifolia Improves In Vitro Rumen Microbial Synthesis of Sheep Diets without Changes in Total Gas and Methane Production,
N,louvain,N2,5,Luiz Carlos Ruiz Pessenda; Marli de Fatima Fiore; Tsai Siu Mui; Luiz Antonio Martinelli; Quirijn de Jong van Lier,soil; water; forest; cyanobacteria; isotopes; lakes; cyanobacterial; carbon,Methanogenic communities and methane emissions from enrichments of Brazilian Amazonia soils under land-use change; The role of microbial communities in biogeochemical cycles and greenhouse gas emissions within tropical soda lakes; From deforestation to regeneration: How do land-use changes shape soil microbes and methane-cycling genes in the Eastern Amazon?,
N,louvain,N3,4,Cassio Hamilton Abreu Junior; Hudson Wallace Pereira de Carvalho; José Lavres Junior; Kassio Ferreira Mendes,soil; herbicide; application; fertilization; plant; uptake; nutrient; soybean,Residual effects of composted sewage sludge on nitrogen cycling and plant metabolism in a no-till common bean-palisade grass-soybean rotation; Common Bean Productivity and Micronutrients in the Soil–Plant System under Residual Applications of Composted Sewage Sludge; Treating Tropical Soils with Composted Sewage Sludge Reduces the Mineral Fertilizer Requirements in Sugarcane Production,
N,proposed,N1,12,Adibe Luiz Abdalla; Cassio Hamilton Abreu Junior; Elisabete Aparecida De Nadai Fernandes; Helder Louvandini; Hudson Wallace Pereira de Carvalho; José Lavres Junior; Kassio Ferreira Mendes; Tsai Siu Mui; Luiz Antonio Martinelli; Quirijn de Jong van Lier; Thiago de Araújo Mastrangelo; Valter Arthur,soil; production; quality; use; plant; control; sheep; nitrogen,Circular bioeconomy in livestock production: harnessing crop by-products in MERCOSUR/MERCOSUL; Taxonomy and Functional Diversity in the Fecal Microbiome of Beef Cattle Reared in Brazilian Traditional and Semi-Intensive Production Systems; Residual effects of composted sewage sludge on nitrogen cycling and plant metabolism in a no-till common bean-palisade grass-soybean rotation,0.114
N,proposed,N2,1,Luiz Carlos Ruiz Pessenda,mangrove; holocene; sea-level; mangroves; relative sea-level; coastal; vegetation; paleoclimate,"Effects of the middle Holocene high sea‐level stand and climate on Amazonian mangroves; Assessment the Impacts of Sea-Level Changes on Mangroves of Ceará-Mirim Estuary, Northeastern Brazil, during the Holocene and Anthropocene; Impacts of sea-level changes on mangroves from southeastern Brazil during the Holocene and Anthropocene using a multi-proxy approach",0.114
N,proposed,N3,1,Marli de Fatima Fiore,cyanobacteria; cyanobacterial; lakes; soda; soda lakes; blooms; pantanal; cyanobacterial blooms,"Phosphonate consumers potentially contributing to methane production in Brazilian soda lakes; Disentangling the lifestyle of bacterial communities in tropical soda lakes; Phylogenomic analysis of Anabaenopsis elenkinii (Nostocales, Cyanobacteria)",0.114
Q,louvain,Q1,10,Adibe Luiz Abdalla; Cassio Hamilton Abreu Junior; Hudson Wallace Pereira de Carvalho; José Lavres Junior; Kassio Ferreira Mendes; Luiz Carlos Ruiz Pessenda; Marli de Fatima Fiore; Tsai Siu Mui; Celia Regina Montes; Marcos Yassuo Kamogawa,soil; soils; carbon; nitrogen; tropical; lakes; pantanal; microbial,Soil C and N fractions across soil depths in an ecological intensification system of maize-soybean rotation in Southern Brazil; Treating Tropical Soils with Composted Sewage Sludge Reduces the Mineral Fertilizer Requirements in Sugarcane Production; Residual effects of composted sewage sludge on nitrogen cycling and plant metabolism in a no-till common bean-palisade grass-soybean rotation,
Q,louvain,Q2,6,Elisabete Aparecida De Nadai Fernandes; Ernani Pinto Junior; Alex Virgilio; Fabio Rodrigo Piovezani Rocha; Severino Matias de Alencar; Wanessa Melchert Mattos,green; analytical; food; compounds; determination; chemistry; digestion; sample,Sample preparation and spectrometric methods for elemental analysis of milk and dairy products – A review; Microwave-assisted extraction of total phenolic compounds from coffee; Closed-Vessel Conductively Heated Digestion of Dry Dog Food for Spectrometric Determination of Essential Nutrients,
Q,proposed,Q1,11,Adibe Luiz Abdalla; Cassio Hamilton Abreu Junior; Elisabete Aparecida De Nadai Fernandes; Hudson Wallace Pereira de Carvalho; José Lavres Junior; Kassio Ferreira Mendes; Alex Virgilio; Fabio Rodrigo Piovezani Rocha; Marcos Yassuo Kamogawa; Severino Matias de Alencar; Wanessa Melchert Mattos,trace; green; determination; analytical; food; zinc; sample; digestion,A convective heated digestion system with closed vessels: a new digestor for elemental inorganic analysis; Closed-Vessel Conductively Heated Digestion of Dry Dog Food for Spectrometric Determination of Essential Nutrients; Common Bean Productivity and Micronutrients in the Soil–Plant System under Residual Applications of Composted Sewage Sludge,0.156
Q,proposed,Q2,3,Luiz Carlos Ruiz Pessenda; Tsai Siu Mui; Celia Regina Montes,soil; carbon; pantanal; climate; mangrove; holocene; amazonian; lakes,"Climatic variations, vegetation and soils during the Holocene in the Pantanal of Mato Grosso do Sul, Brazil; Holocene limnological changes in saline and freshwater lakes, Lower Nhecolândia, Pantanal, Brazil; Molecular evidence for stimulation of methane oxidation in Amazonian floodplains by ammonia-oxidizing communities",0.156
Q,proposed,Q3,2,Ernani Pinto Junior; Marli de Fatima Fiore,cyanobacterial; cyanobacteria; blooms; cyanobacterial blooms; metabolites; cyanotoxins; lakes; microcystins,Biosynthesis of Guanitoxin Enables Global Environmental Detection in Freshwater Cyanobacteria; Effects of different cultivation conditions on the production of β-cyclocitral and β-ionone in Microcystis aeruginosa; Genomic and secondary metabolites of the marine cyanobacterium Capilliphycus salinus ALCB114379,0.156
