supervisor,Adibe Luiz Abdalla,Antonio Vargas de Oliveira Figueira,Cassio Hamilton Abreu Junior,Diego Mauricio Riaño Pachón,Elisabete Aparecida De Nadai Fernandes,Ernani Pinto Junior,Flavia Vischi Winck,Francisco Scaglia Linhares,Helder Louvandini,Hudson Wallace Pereira de Carvalho,José Lavres Junior,Kassio Ferreira Mendes,Lucas William Mendes,Luiz Carlos Ruiz Pessenda,Marisa de Cassia Piccolo,Marli de Fatima Fiore,Tsai Siu Mui
Adibe Luiz Abdalla,1.000000,0.542003,0.625377,0.479396,0.380546,0.428873,0.482273,0.585574,0.603741,0.601291,0.632753,0.584628,0.618274,0.289587,0.631320,0.348891,0.598607
Antonio Vargas de Oliveira Figueira,0.542003,1.000000,0.594406,0.797883,0.404779,0.447975,0.606654,0.769334,0.548202,0.689096,0.706894,0.699451,0.675860,0.395573,0.650223,0.449263,0.637109
Cassio Hamilton Abreu Junior,0.625377,0.594406,1.000000,0.420427,0.505054,0.364117,0.437757,0.744656,0.531366,0.866149,0.878112,0.766128,0.717234,0.370143,0.888243,0.296372,0.684259
Diego Mauricio Riaño Pachón,0.479396,0.797883,0.420427,1.000000,0.410545,0.541364,0.721883,0.598268,0.509510,0.507199,0.530959,0.499663,0.650647,0.392538,0.458463,0.597475,0.657894
Elisabete Aparecida De Nadai Fernandes,0.380546,0.404779,0.505054,0.410545,1.000000,0.431767,0.424237,0.416442,0.356347,0.294735,0.488171,0.452642,0.486853,0.161900,0.409291,0.399048,0.563764
Ernani Pinto Junior,0.428873,0.447975,0.364117,0.541364,0.431767,1.000000,0.686035,0.385887,0.479605,0.423984,0.427087,0.437220,0.491874,0.368413,0.332197,0.835103,0.514408
Flavia Vischi Winck,0.482273,0.606654,0.437757,0.721883,0.424237,0.686035,1.000000,0.535829,0.503794,0.534035,0.474903,0.453831,0.585046,0.294348,0.440929,0.676144,0.553230
Francisco Scaglia Linhares,0.585574,0.769334,0.744656,0.598268,0.416442,0.385887,0.535829,1.000000,0.516785,0.874326,0.731599,0.685778,0.587447,0.360179,0.780699,0.322189,0.530083
Helder Louvandini,0.603741,0.548202,0.531366,0.509510,0.356347,0.479605,0.503794,0.516785,1.000000,0.521905,0.534348,0.581938,0.586149,0.248904,0.511768,0.398144,0.562662
Hudson Wallace Pereira de Carvalho,0.601291,0.689096,0.866149,0.507199,0.294735,0.423984,0.534035,0.874326,0.521905,1.000000,0.913423,0.757944,0.637938,0.331212,0.842260,0.325690,0.569475
José Lavres Junior,0.632753,0.706894,0.878112,0.530959,0.488171,0.427087,0.474903,0.731599,0.534348,0.913423,1.000000,0.770248,0.697967,0.377099,0.897426,0.356177,0.659275
Kassio Ferreira Mendes,0.584628,0.699451,0.766128,0.499663,0.452642,0.437220,0.453831,0.685778,0.581938,0.757944,0.770248,1.000000,0.634825,0.365077,0.724687,0.324207,0.574885
Lucas William Mendes,0.618274,0.675860,0.717234,0.650647,0.486853,0.491874,0.585046,0.587447,0.586149,0.637938,0.697967,0.634825,1.000000,0.423109,0.669350,0.574456,0.886647
Luiz Carlos Ruiz Pessenda,0.289587,0.395573,0.370143,0.392538,0.161900,0.368413,0.294348,0.360179,0.248904,0.331212,0.377099,0.365077,0.423109,1.000000,0.422744,0.410653,0.530343
Marisa de Cassia Piccolo,0.631320,0.650223,0.888243,0.458463,0.409291,0.332197,0.440929,0.780699,0.511768,0.842260,0.897426,0.724687,0.669350,0.422744,1.000000,0.261460,0.619146
Marli de Fatima Fiore,0.348891,0.449263,0.296372,0.597475,0.399048,0.835103,0.676144,0.322189,0.398144,0.325690,0.356177,0.324207,0.574456,0.410653,0.261460,1.000000,0.604116
Tsai Siu Mui,0.598607,0.637109,0.684259,0.657894,0.563764,0.514408,0.553230,0.530083,0.562662,0.569475,0.659275,0.574885,0.886647,0.530343,0.619146,0.604116,1.000000
