supervisor,Alex Vladimir Krusche,Ernani Pinto Junior,Kassio Ferreira Mendes,Luiz Antonio Martinelli,Quirijn de Jong van Lier,Giuliano Maselli Locosselli,Marcelo Zacharias Moreira,Maria Gabriella da Silva Araújo,Maria Victoria Ramos Ballester,Mauricio Cruz Mantoani,Plínio Barbosa de Camargo,Rafael Silva Santos,Thaís Nascimento Pessoa,Valdemar Luiz Tornisielo
Alex Vladimir Krusche,1.000000,0.841265,0.813169,0.917732,0.857521,0.864580,0.882297,0.896030,0.880082,0.880137,0.926367,0.873911,0.814413,0.831710
Ernani Pinto Junior,0.841265,1.000000,0.882116,0.876226,0.766551,0.804708,0.860008,0.847881,0.791428,0.864788,0.854295,0.787711,0.759541,0.903371
Kassio Ferreira Mendes,0.813169,0.882116,1.000000,0.880393,0.848748,0.830146,0.842124,0.838826,0.851146,0.885357,0.876803,0.865484,0.856411,0.968908
Luiz Antonio Martinelli,0.917732,0.876226,0.880393,1.000000,0.878027,0.921985,0.968995,0.903290,0.931410,0.927972,0.972827,0.929303,0.854919,0.889773
Quirijn de Jong van Lier,0.857521,0.766551,0.848748,0.878027,1.000000,0.861985,0.816423,0.869710,0.889475,0.853471,0.890521,0.901538,0.923262,0.846738
Giuliano Maselli Locosselli,0.864580,0.804708,0.830146,0.921985,0.861985,1.000000,0.888431,0.907629,0.910069,0.911132,0.944615,0.871530,0.821514,0.825951
Marcelo Zacharias Moreira,0.882297,0.860008,0.842124,0.968995,0.816423,0.888431,1.000000,0.946419,0.885488,0.900661,0.952268,0.882442,0.799120,0.857846
Maria Gabriella da Silva Araújo,0.896030,0.847881,0.838826,0.903290,0.869710,0.907629,0.946419,1.000000,0.913892,0.909497,0.966906,0.912208,0.842642,0.852677
Maria Victoria Ramos Ballester,0.880082,0.791428,0.851146,0.931410,0.889475,0.910069,0.885488,0.913892,1.000000,0.890826,0.934100,0.943360,0.877692,0.848567
Mauricio Cruz Mantoani,0.880137,0.864788,0.885357,0.927972,0.853471,0.911132,0.900661,0.909497,0.890826,1.000000,0.944567,0.896198,0.833375,0.885483
Plínio Barbosa de Camargo,0.926367,0.854295,0.876803,0.972827,0.890521,0.944615,0.952268,0.966906,0.934100,0.944567,1.000000,0.950232,0.872520,0.879254
Rafael Silva Santos,0.873911,0.787711,0.865484,0.929303,0.901538,0.871530,0.882442,0.912208,0.943360,0.896198,0.950232,1.000000,0.882585,0.857421
Thaís Nascimento Pessoa,0.814413,0.759541,0.856411,0.854919,0.923262,0.821514,0.799120,0.842642,0.877692,0.833375,0.872520,0.882585,1.000000,0.850178
Valdemar Luiz Tornisielo,0.831710,0.903371,0.968908,0.889773,0.846738,0.825951,0.857846,0.852677,0.848567,0.885483,0.879254,0.857421,0.850178,1.000000
