supervisor,Adibe Luiz Abdalla,Cassio Hamilton Abreu Junior,Elisabete Aparecida De Nadai Fernandes,Helder Louvandini,Hudson Wallace Pereira de Carvalho,José Lavres Junior,Kassio Ferreira Mendes,Luiz Carlos Ruiz Pessenda,Marli de Fatima Fiore,Tsai Siu Mui,Luiz Antonio Martinelli,Quirijn de Jong van Lier,Thiago de Araújo Mastrangelo,Valter Arthur
Adibe Luiz Abdalla,1.000000,0.890795,0.878169,0.930448,0.884293,0.892935,0.879448,0.806912,0.824711,0.888171,0.901898,0.821511,0.873505,0.887719
Cassio Hamilton Abreu Junior,0.890795,1.000000,0.889766,0.871093,0.958126,0.965262,0.917928,0.855997,0.843528,0.915767,0.921749,0.888569,0.854375,0.884403
Elisabete Aparecida De Nadai Fernandes,0.878169,0.889766,1.000000,0.861671,0.913342,0.900073,0.862709,0.805536,0.820829,0.853608,0.902578,0.804789,0.891460,0.911292
Helder Louvandini,0.930448,0.871093,0.861671,1.000000,0.874992,0.872609,0.876308,0.791493,0.813622,0.857721,0.881067,0.789280,0.883838,0.884624
Hudson Wallace Pereira de Carvalho,0.884293,0.958126,0.913342,0.874992,1.000000,0.965709,0.916192,0.832793,0.848031,0.881230,0.905641,0.860882,0.872888,0.908651
José Lavres Junior,0.892935,0.965262,0.900073,0.872609,0.965709,1.000000,0.912387,0.839231,0.852644,0.899869,0.919023,0.875728,0.862631,0.891913
Kassio Ferreira Mendes,0.879448,0.917928,0.862709,0.876308,0.916192,0.912387,1.000000,0.824317,0.827984,0.866311,0.881875,0.849777,0.860191,0.885732
Luiz Carlos Ruiz Pessenda,0.806912,0.855997,0.805536,0.791493,0.832793,0.839231,0.824317,1.000000,0.845024,0.884776,0.918849,0.839468,0.806593,0.805948
Marli de Fatima Fiore,0.824711,0.843528,0.820829,0.813622,0.848031,0.852644,0.827984,0.845024,1.000000,0.878791,0.875248,0.768397,0.832046,0.829290
Tsai Siu Mui,0.888171,0.915767,0.853608,0.857721,0.881230,0.899869,0.866311,0.884776,0.878791,1.000000,0.936332,0.862240,0.843989,0.834370
Luiz Antonio Martinelli,0.901898,0.921749,0.902578,0.881067,0.905641,0.919023,0.881875,0.918849,0.875248,0.936332,1.000000,0.878027,0.853433,0.866056
Quirijn de Jong van Lier,0.821511,0.888569,0.804789,0.789280,0.860882,0.875728,0.849777,0.839468,0.768397,0.862240,0.878027,1.000000,0.784917,0.798854
Thiago de Araújo Mastrangelo,0.873505,0.854375,0.891460,0.883838,0.872888,0.862631,0.860191,0.806593,0.832046,0.843989,0.853433,0.784917,1.000000,0.903646
Valter Arthur,0.887719,0.884403,0.911292,0.884624,0.908651,0.891913,0.885732,0.805948,0.829290,0.834370,0.866056,0.798854,0.903646,1.000000
