supervisor,José Hernandes Lopes Filho,Lílian Angélica Moreira,Adibe Luiz Abdalla,Adriana Pinheiro Martinelli,Antonio Vargas de Oliveira Figueira,Augusto Tulmann Neto,Cassio Hamilton Abreu Junior,Diego Mauricio Riaño Pachón,Flavia Vischi Winck,Francisco Scaglia Linhares,Helder Louvandini,Lucas William Mendes,Thiago de Araújo Mastrangelo,Marli de Fatima Fiore,Valter Arthur,Tsai Siu Mui,Victor Alexandre Vitorello
José Hernandes Lopes Filho,1.000000,0.796510,0.794870,0.890866,0.906033,0.806130,0.811744,0.889084,0.847159,0.857384,0.789028,0.817856,0.842500,0.795478,0.820441,0.810736,0.816270
Lílian Angélica Moreira,0.796510,1.000000,0.883528,0.829635,0.891270,0.769978,0.929579,0.864989,0.860822,0.907296,0.860436,0.893829,0.832737,0.837169,0.856229,0.889371,0.743519
Adibe Luiz Abdalla,0.794870,0.883528,1.000000,0.821720,0.873101,0.772129,0.890307,0.863003,0.862120,0.856579,0.931205,0.886669,0.873459,0.825525,0.887952,0.889552,0.820915
Adriana Pinheiro Martinelli,0.890866,0.829635,0.821720,1.000000,0.916940,0.810237,0.848020,0.899903,0.842699,0.892740,0.822755,0.861975,0.868228,0.848288,0.856020,0.857501,0.828194
Antonio Vargas de Oliveira Figueira,0.906033,0.891270,0.873101,0.916940,1.000000,0.827695,0.891254,0.942709,0.900859,0.926846,0.871689,0.898883,0.896308,0.866022,0.882367,0.890263,0.887419
Augusto Tulmann Neto,0.806130,0.769978,0.772129,0.810237,0.827695,1.000000,0.802917,0.792004,0.774236,0.818817,0.774229,0.760977,0.847466,0.740519,0.909188,0.751229,0.762786
Cassio Hamilton Abreu Junior,0.811744,0.929579,0.890307,0.848020,0.891254,0.802917,1.000000,0.862912,0.871560,0.921055,0.871048,0.923212,0.854054,0.836358,0.884306,0.917055,0.876766
Diego Mauricio Riaño Pachón,0.889084,0.864989,0.863003,0.899903,0.942709,0.792004,0.862912,1.000000,0.934816,0.895637,0.867481,0.905360,0.883046,0.904207,0.859593,0.910010,0.863812
Flavia Vischi Winck,0.847159,0.860822,0.862120,0.842699,0.900859,0.774236,0.871560,0.934816,1.000000,0.890601,0.862886,0.895898,0.862305,0.922420,0.866741,0.891370,0.857442
Francisco Scaglia Linhares,0.857384,0.907296,0.856579,0.892740,0.926846,0.818817,0.921055,0.895637,0.890601,1.000000,0.844839,0.877890,0.843935,0.835669,0.872808,0.859734,0.910002
Helder Louvandini,0.789028,0.860436,0.931205,0.822755,0.871689,0.774229,0.871048,0.867481,0.862886,0.844839,1.000000,0.869880,0.883838,0.817387,0.884624,0.861213,0.806109
Lucas William Mendes,0.817856,0.893829,0.886669,0.861975,0.898883,0.760977,0.923212,0.905360,0.895898,0.877890,0.869880,1.000000,0.854862,0.887678,0.850019,0.962672,0.848662
Thiago de Araújo Mastrangelo,0.842500,0.832737,0.873459,0.868228,0.896308,0.847466,0.854054,0.883046,0.862305,0.843935,0.883838,0.854862,1.000000,0.834956,0.903646,0.847203,0.792448
Marli de Fatima Fiore,0.795478,0.837169,0.825525,0.848288,0.866022,0.740519,0.836358,0.904207,0.922420,0.835669,0.817387,0.887678,0.834956,1.000000,0.824700,0.887378,0.811157
Valter Arthur,0.820441,0.856229,0.887952,0.856020,0.882367,0.909188,0.884306,0.859593,0.866741,0.872808,0.884624,0.850019,0.903646,0.824700,1.000000,0.838003,0.821853
Tsai Siu Mui,0.810736,0.889371,0.889552,0.857501,0.890263,0.751229,0.917055,0.910010,0.891370,0.859734,0.861213,0.962672,0.847203,0.887378,0.838003,1.000000,0.835302
Victor Alexandre Vitorello,0.816270,0.743519,0.820915,0.828194,0.887419,0.762786,0.876766,0.863812,0.857442,0.910002,0.806109,0.848662,0.792448,0.811157,0.821853,0.835302,1.000000
