supervisor,Marília Campos,Paulo César Ocheuze Trivelin,Samara Soares,Fabio Rodrigo Piovezani Rocha,Deoclecio Jardim Amorim,Eduardo Mariano,Elias Ayres Guidetti Zagatto,Boaventura Freire dos Reis,Luiz Carlos Ruiz Pessenda,Elisabete Aparecida De Nadai Fernandes,Alex Virgilio,Hudson Wallace Pereira de Carvalho,José Lavres Junior
Marília Campos,1.000000,0.754186,0.735335,0.743708,0.831155,0.799002,0.755367,0.703656,0.906291,0.764317,0.752423,0.775959,0.777187
Paulo César Ocheuze Trivelin,0.754186,1.000000,0.797127,0.821903,0.902818,0.960305,0.785913,0.771465,0.821574,0.851900,0.839386,0.910063,0.947837
Samara Soares,0.735335,0.797127,1.000000,0.779172,0.862308,0.822881,0.905512,0.898959,0.775057,0.904368,0.924103,0.894773,0.855219
Fabio Rodrigo Piovezani Rocha,0.743708,0.821903,0.779172,1.000000,0.880210,0.845538,0.914673,0.867677,0.789153,0.919565,0.940134,0.907038,0.871026
Deoclecio Jardim Amorim,0.831155,0.902818,0.862308,0.880210,1.000000,0.914033,0.847727,0.826371,0.879711,0.920616,0.883746,0.933307,0.926477
Eduardo Mariano,0.799002,0.960305,0.822881,0.845538,0.914033,1.000000,0.809579,0.784257,0.855088,0.878272,0.865811,0.930224,0.955448
Elias Ayres Guidetti Zagatto,0.755367,0.785913,0.905512,0.914673,0.847727,0.809579,1.000000,0.867852,0.746964,0.857913,0.890716,0.850250,0.824887
Boaventura Freire dos Reis,0.703656,0.771465,0.898959,0.867677,0.826371,0.784257,0.867852,1.000000,0.737024,0.834417,0.856770,0.834478,0.803634
Luiz Carlos Ruiz Pessenda,0.906291,0.821574,0.775057,0.789153,0.879711,0.855088,0.746964,0.737024,1.000000,0.815313,0.795439,0.841931,0.846133
Elisabete Aparecida De Nadai Fernandes,0.764317,0.851900,0.904368,0.919565,0.920616,0.878272,0.857913,0.834417,0.815313,1.000000,0.938362,0.916522,0.900966
Alex Virgilio,0.752423,0.839386,0.924103,0.940134,0.883746,0.865811,0.890716,0.856770,0.795439,0.938362,1.000000,0.917675,0.889451
Hudson Wallace Pereira de Carvalho,0.775959,0.910063,0.894773,0.907038,0.933307,0.930224,0.850250,0.834478,0.841931,0.916522,0.917675,1.000000,0.966935
José Lavres Junior,0.777187,0.947837,0.855219,0.871026,0.926477,0.955448,0.824887,0.803634,0.846133,0.900966,0.889451,0.966935,1.000000
