source,target,area,weight,shared_article_count,source_articles_compared,target_articles_compared,same_louvain,same_proposed_group
B::Hudson Wallace Pereira de Carvalho,B::José Lavres Junior,B,0.913423,10,37,72,1,1
B::José Lavres Junior,B::Marisa de Cassia Piccolo,B,0.897426,0,82,28,1,1
B::Cassio Hamilton Abreu Junior,B::Marisa de Cassia Piccolo,B,0.888243,0,28,28,1,1
B::Lucas William Mendes,B::Tsai Siu Mui,B,0.886647,22,126,43,1,1
B::Cassio Hamilton Abreu Junior,B::José Lavres Junior,B,0.878112,5,23,77,1,1
B::Francisco Scaglia Linhares,B::Hudson Wallace Pereira de Carvalho,B,0.874326,2,11,45,1,1
B::Cassio Hamilton Abreu Junior,B::Hudson Wallace Pereira de Carvalho,B,0.866149,0,28,47,1,1
B::Hudson Wallace Pereira de Carvalho,B::Marisa de Cassia Piccolo,B,0.84226,0,47,28,1,1
B::Ernani Pinto Junior,B::Marli de Fatima Fiore,B,0.835103,7,16,22,1,1
B::Antonio Vargas de Oliveira Figueira,B::Diego Mauricio Riaño Pachón,B,0.797883,2,23,24,1,1
B::Francisco Scaglia Linhares,B::Marisa de Cassia Piccolo,B,0.780699,0,13,28,1,1
B::José Lavres Junior,B::Kassio Ferreira Mendes,B,0.770248,0,82,25,1,1
B::Antonio Vargas de Oliveira Figueira,B::Francisco Scaglia Linhares,B,0.769334,0,25,13,0,1
B::Cassio Hamilton Abreu Junior,B::Kassio Ferreira Mendes,B,0.766128,0,28,25,1,1
B::Hudson Wallace Pereira de Carvalho,B::Kassio Ferreira Mendes,B,0.757944,0,47,25,1,1
B::Cassio Hamilton Abreu Junior,B::Francisco Scaglia Linhares,B,0.744656,0,28,13,1,1
B::Kassio Ferreira Mendes,B::Marisa de Cassia Piccolo,B,0.724687,0,25,28,1,1
B::Diego Mauricio Riaño Pachón,B::Flavia Vischi Winck,B,0.721883,4,22,12,1,1
B::Cassio Hamilton Abreu Junior,B::Lucas William Mendes,B,0.717234,0,28,148,0,1
B::Antonio Vargas de Oliveira Figueira,B::José Lavres Junior,B,0.706894,1,24,81,0,1
B::Antonio Vargas de Oliveira Figueira,B::Kassio Ferreira Mendes,B,0.699451,0,25,25,0,1
B::José Lavres Junior,B::Lucas William Mendes,B,0.697967,2,80,146,0,1
B::Ernani Pinto Junior,B::Flavia Vischi Winck,B,0.686035,0,23,16,1,1
B::Cassio Hamilton Abreu Junior,B::Tsai Siu Mui,B,0.684259,0,28,65,0,1
B::Flavia Vischi Winck,B::Marli de Fatima Fiore,B,0.676144,0,16,29,1,1
B::Antonio Vargas de Oliveira Figueira,B::Lucas William Mendes,B,0.67586,0,25,148,0,1
B::José Lavres Junior,B::Tsai Siu Mui,B,0.659275,0,82,65,0,1
B::Diego Mauricio Riaño Pachón,B::Tsai Siu Mui,B,0.657894,0,26,65,0,1
B::Diego Mauricio Riaño Pachón,B::Lucas William Mendes,B,0.650647,1,25,147,0,1
B::Adibe Luiz Abdalla,B::José Lavres Junior,B,0.632753,1,35,81,1,1
B::Adibe Luiz Abdalla,B::Marisa de Cassia Piccolo,B,0.63132,0,36,28,1,1
B::Adibe Luiz Abdalla,B::Cassio Hamilton Abreu Junior,B,0.625377,0,36,28,1,1
B::Adibe Luiz Abdalla,B::Lucas William Mendes,B,0.618274,4,32,144,0,1
B::Antonio Vargas de Oliveira Figueira,B::Flavia Vischi Winck,B,0.606654,0,25,16,1,1
B::Marli de Fatima Fiore,B::Tsai Siu Mui,B,0.604116,1,28,64,0,1
B::Adibe Luiz Abdalla,B::Helder Louvandini,B,0.603741,19,17,10,0,1
B::Diego Mauricio Riaño Pachón,B::Marli de Fatima Fiore,B,0.597475,1,25,28,1,1
B::Helder Louvandini,B::Lucas William Mendes,B,0.586149,4,25,144,1,1
B::Helder Louvandini,B::Kassio Ferreira Mendes,B,0.581938,0,29,25,0,1
B::Elisabete Aparecida De Nadai Fernandes,B::Tsai Siu Mui,B,0.563764,0,5,65,1,0
B::Helder Louvandini,B::Tsai Siu Mui,B,0.562662,2,27,63,1,1
B::Diego Mauricio Riaño Pachón,B::Ernani Pinto Junior,B,0.541364,0,26,23,1,1
B::Luiz Carlos Ruiz Pessenda,B::Tsai Siu Mui,B,0.530343,0,12,65,1,0
B::Ernani Pinto Junior,B::Tsai Siu Mui,B,0.514408,0,23,65,0,1
B::Cassio Hamilton Abreu Junior,B::Elisabete Aparecida De Nadai Fernandes,B,0.505054,0,28,5,0,0
B::Elisabete Aparecida De Nadai Fernandes,B::José Lavres Junior,B,0.488171,0,5,82,0,0
B::Elisabete Aparecida De Nadai Fernandes,B::Lucas William Mendes,B,0.486853,2,3,146,1,0
B::Lucas William Mendes,B::Luiz Carlos Ruiz Pessenda,B,0.423109,0,148,12,1,0
B::Luiz Carlos Ruiz Pessenda,B::Marisa de Cassia Piccolo,B,0.422744,1,11,27,0,0
B::Luiz Carlos Ruiz Pessenda,B::Marli de Fatima Fiore,B,0.410653,0,12,29,0,0
N::Cassio Hamilton Abreu Junior,N::José Lavres Junior,N,0.927121,4,27,30,0,1
N::Hudson Wallace Pereira de Carvalho,N::José Lavres Junior,N,0.876912,7,35,27,1,1
N::Cassio Hamilton Abreu Junior,N::Hudson Wallace Pereira de Carvalho,N,0.855768,1,30,41,0,1
N::Tsai Siu Mui,N::Luiz Antonio Martinelli,N,0.851335,0,19,42,1,1
N::Adibe Luiz Abdalla,N::Helder Louvandini,N,0.792943,16,30,16,1,1
N::Cassio Hamilton Abreu Junior,N::Tsai Siu Mui,N,0.766205,0,31,19,1,1
N::Luiz Carlos Ruiz Pessenda,N::Luiz Antonio Martinelli,N,0.76186,0,35,42,1,1
N::Cassio Hamilton Abreu Junior,N::Kassio Ferreira Mendes,N,0.742175,0,31,59,0,1
N::José Lavres Junior,N::Tsai Siu Mui,N,0.731916,0,34,19,0,1
N::Cassio Hamilton Abreu Junior,N::Luiz Antonio Martinelli,N,0.724582,0,31,42,1,1
N::José Lavres Junior,N::Luiz Antonio Martinelli,N,0.724058,0,34,42,0,1
N::José Lavres Junior,N::Kassio Ferreira Mendes,N,0.71477,0,34,59,1,1
N::Hudson Wallace Pereira de Carvalho,N::Kassio Ferreira Mendes,N,0.712952,0,42,59,1,1
N::Luiz Carlos Ruiz Pessenda,N::Tsai Siu Mui,N,0.680142,0,35,19,1,1
N::Cassio Hamilton Abreu Junior,N::Quirijn de Jong van Lier,N,0.677953,0,31,45,1,1
N::José Lavres Junior,N::Quirijn de Jong van Lier,N,0.67407,0,34,45,0,1
N::Hudson Wallace Pereira de Carvalho,N::Luiz Antonio Martinelli,N,0.664565,0,42,42,0,1
N::Tsai Siu Mui,N::Quirijn de Jong van Lier,N,0.66208,0,19,45,1,1
N::Kassio Ferreira Mendes,N::Valter Arthur,N,0.648695,0,59,32,1,0
N::Hudson Wallace Pereira de Carvalho,N::Valter Arthur,N,0.63444,0,42,32,1,0
N::Luiz Antonio Martinelli,N::Quirijn de Jong van Lier,N,0.628806,0,42,45,1,1
N::Elisabete Aparecida De Nadai Fernandes,N::José Lavres Junior,N,0.623695,0,4,34,1,0
N::Adibe Luiz Abdalla,N::Luiz Antonio Martinelli,N,0.616686,0,46,42,0,0
N::Cassio Hamilton Abreu Junior,N::Elisabete Aparecida De Nadai Fernandes,N,0.608762,0,31,4,0,0
N::Thiago de Araújo Mastrangelo,N::Valter Arthur,N,0.607449,3,11,29,1,1
N::Adibe Luiz Abdalla,N::Tsai Siu Mui,N,0.595531,1,45,18,0,0
N::Elisabete Aparecida De Nadai Fernandes,N::Kassio Ferreira Mendes,N,0.585768,0,4,59,1,0
N::Adibe Luiz Abdalla,N::Cassio Hamilton Abreu Junior,N,0.580491,0,46,31,0,0
N::Elisabete Aparecida De Nadai Fernandes,N::Tsai Siu Mui,N,0.573784,0,4,19,0,0
N::Helder Louvandini,N::Thiago de Araújo Mastrangelo,N,0.57026,0,32,14,0,1
N::Kassio Ferreira Mendes,N::Thiago de Araújo Mastrangelo,N,0.562241,0,59,14,1,0
N::José Lavres Junior,N::Valter Arthur,N,0.548467,0,34,32,1,0
N::Helder Louvandini,N::Kassio Ferreira Mendes,N,0.544599,0,32,59,0,0
N::Helder Louvandini,N::Luiz Antonio Martinelli,N,0.527398,0,32,42,0,0
N::Elisabete Aparecida De Nadai Fernandes,N::Thiago de Araújo Mastrangelo,N,0.52407,0,4,14,1,1
N::Luiz Carlos Ruiz Pessenda,N::Marli de Fatima Fiore,N,0.510104,0,35,2,1,0
N::Marli de Fatima Fiore,N::Luiz Antonio Martinelli,N,0.508258,0,2,42,1,0
N::Cassio Hamilton Abreu Junior,N::Luiz Carlos Ruiz Pessenda,N,0.4602,0,31,35,1,1
N::Marli de Fatima Fiore,N::Tsai Siu Mui,N,0.382175,0,2,19,1,0
N::Cassio Hamilton Abreu Junior,N::Marli de Fatima Fiore,N,0.345265,0,31,2,1,0
Q::Fabio Rodrigo Piovezani Rocha,Q::Wanessa Melchert Mattos,Q,0.866579,4,40,31,1,1
Q::Ernani Pinto Junior,Q::Marli de Fatima Fiore,Q,0.844526,3,44,6,1,1
Q::Hudson Wallace Pereira de Carvalho,Q::José Lavres Junior,Q,0.834136,7,33,8,1,1
Q::Elisabete Aparecida De Nadai Fernandes,Q::Alex Virgilio,Q,0.814236,0,17,12,1,1
Q::Cassio Hamilton Abreu Junior,Q::José Lavres Junior,Q,0.805351,1,7,14,1,1
Q::Alex Virgilio,Q::Fabio Rodrigo Piovezani Rocha,Q,0.803032,1,11,43,1,1
Q::Cassio Hamilton Abreu Junior,Q::Hudson Wallace Pereira de Carvalho,Q,0.80061,1,7,39,1,1
Q::Hudson Wallace Pereira de Carvalho,Q::Marcos Yassuo Kamogawa,Q,0.762553,0,40,4,1,1
Q::Cassio Hamilton Abreu Junior,Q::Kassio Ferreira Mendes,Q,0.757992,0,8,29,1,1
Q::Alex Virgilio,Q::Wanessa Melchert Mattos,Q,0.738246,0,12,35,1,1
Q::Hudson Wallace Pereira de Carvalho,Q::Kassio Ferreira Mendes,Q,0.737149,0,40,29,1,1
Q::Severino Matias de Alencar,Q::Wanessa Melchert Mattos,Q,0.724845,0,97,35,1,1
Q::José Lavres Junior,Q::Marcos Yassuo Kamogawa,Q,0.722357,0,15,4,1,1
Q::José Lavres Junior,Q::Kassio Ferreira Mendes,Q,0.717777,0,15,29,1,1
Q::Elisabete Aparecida De Nadai Fernandes,Q::Fabio Rodrigo Piovezani Rocha,Q,0.705085,0,17,44,1,1
Q::Elisabete Aparecida De Nadai Fernandes,Q::Wanessa Melchert Mattos,Q,0.696894,0,17,35,1,1
Q::Cassio Hamilton Abreu Junior,Q::Marcos Yassuo Kamogawa,Q,0.682116,0,8,4,1,1
Q::Fabio Rodrigo Piovezani Rocha,Q::Marcos Yassuo Kamogawa,Q,0.671078,0,44,4,0,1
Q::Cassio Hamilton Abreu Junior,Q::Celia Regina Montes,Q,0.664702,0,8,9,0,0
Q::Hudson Wallace Pereira de Carvalho,Q::Alex Virgilio,Q,0.652557,1,39,11,0,1
Q::Elisabete Aparecida De Nadai Fernandes,Q::Hudson Wallace Pereira de Carvalho,Q,0.651171,1,16,39,0,1
Q::Kassio Ferreira Mendes,Q::Marcos Yassuo Kamogawa,Q,0.647389,0,29,4,1,1
Q::Tsai Siu Mui,Q::Celia Regina Montes,Q,0.636156,0,4,9,1,1
Q::Adibe Luiz Abdalla,Q::Severino Matias de Alencar,Q,0.629457,1,51,96,1,1
Q::Adibe Luiz Abdalla,Q::Alex Virgilio,Q,0.62453,0,52,12,1,1
Q::Kassio Ferreira Mendes,Q::Celia Regina Montes,Q,0.614709,0,29,9,0,0
Q::Elisabete Aparecida De Nadai Fernandes,Q::Severino Matias de Alencar,Q,0.613939,0,17,97,1,1
Q::José Lavres Junior,Q::Celia Regina Montes,Q,0.606554,0,15,9,0,0
Q::Luiz Carlos Ruiz Pessenda,Q::Celia Regina Montes,Q,0.6002,0,3,9,1,1
Q::Luiz Carlos Ruiz Pessenda,Q::Alex Virgilio,Q,0.587204,0,3,12,0,0
Q::Adibe Luiz Abdalla,Q::Elisabete Aparecida De Nadai Fernandes,Q,0.581295,3,49,14,1,1
Q::Ernani Pinto Junior,Q::Wanessa Melchert Mattos,Q,0.58108,0,47,35,0,0
Q::Fabio Rodrigo Piovezani Rocha,Q::Severino Matias de Alencar,Q,0.578415,0,44,97,1,1
Q::Ernani Pinto Junior,Q::Kassio Ferreira Mendes,Q,0.563025,0,47,29,0,0
Q::Ernani Pinto Junior,Q::Severino Matias de Alencar,Q,0.548219,0,47,97,0,0
Q::Adibe Luiz Abdalla,Q::Wanessa Melchert Mattos,Q,0.543141,0,52,35,1,1
Q::Luiz Carlos Ruiz Pessenda,Q::Tsai Siu Mui,Q,0.52935,0,3,4,1,1
Q::Luiz Carlos Ruiz Pessenda,Q::Fabio Rodrigo Piovezani Rocha,Q,0.524721,0,3,44,0,0
Q::Kassio Ferreira Mendes,Q::Marli de Fatima Fiore,Q,0.509542,0,29,9,0,0
Q::Cassio Hamilton Abreu Junior,Q::Tsai Siu Mui,Q,0.504947,0,8,4,0,0
Q::Ernani Pinto Junior,Q::Tsai Siu Mui,Q,0.48589,0,47,4,0,0
Q::Hudson Wallace Pereira de Carvalho,Q::Marli de Fatima Fiore,Q,0.47111,0,40,9,0,0
Q::Cassio Hamilton Abreu Junior,Q::Marli de Fatima Fiore,Q,0.468729,0,8,9,0,0
