id,label,area_group,area_names,in_B,in_N,in_Q,article_count
Adibe Luiz Abdalla,Adibe Luiz Abdalla,B+N+Q,Biologia na Agricultura e no Ambiente; Energia Nuclear na Agricultura e no Ambiente; Química na Agricultura e no Ambiente,1,1,1,83
Antonio Vargas de Oliveira Figueira,Antonio Vargas de Oliveira Figueira,B,Biologia na Agricultura e no Ambiente,1,0,0,27
Cassio Hamilton Abreu Junior,Cassio Hamilton Abreu Junior,B+N+Q,Biologia na Agricultura e no Ambiente; Energia Nuclear na Agricultura e no Ambiente; Química na Agricultura e no Ambiente,1,1,1,35
Diego Mauricio Riaño Pachón,Diego Mauricio Riaño Pachón,B,Biologia na Agricultura e no Ambiente,1,0,0,27
Elisabete Aparecida De Nadai Fernandes,Elisabete Aparecida De Nadai Fernandes,B+N+Q,Biologia na Agricultura e no Ambiente; Energia Nuclear na Agricultura e no Ambiente; Química na Agricultura e no Ambiente,1,1,1,20
Ernani Pinto Junior,Ernani Pinto Junior,B+Q,Biologia na Agricultura e no Ambiente; Química na Agricultura e no Ambiente,1,0,1,58
Flavia Vischi Winck,Flavia Vischi Winck,B,Biologia na Agricultura e no Ambiente,1,0,0,17
Francisco Scaglia Linhares,Francisco Scaglia Linhares,B,Biologia na Agricultura e no Ambiente,1,0,0,13
Helder Louvandini,Helder Louvandini,B+N,Biologia na Agricultura e no Ambiente; Energia Nuclear na Agricultura e no Ambiente,1,1,0,62
Hudson Wallace Pereira de Carvalho,Hudson Wallace Pereira de Carvalho,B+N+Q,Biologia na Agricultura e no Ambiente; Energia Nuclear na Agricultura e no Ambiente; Química na Agricultura e no Ambiente,1,1,1,80
José Lavres Junior,José Lavres Junior,B+N+Q,Biologia na Agricultura e no Ambiente; Energia Nuclear na Agricultura e no Ambiente; Química na Agricultura e no Ambiente,1,1,1,90
Kassio Ferreira Mendes,Kassio Ferreira Mendes,B+N+Q,Biologia na Agricultura e no Ambiente; Energia Nuclear na Agricultura e no Ambiente; Química na Agricultura e no Ambiente,1,1,1,75
Lucas William Mendes,Lucas William Mendes,B,Biologia na Agricultura e no Ambiente,1,0,0,155
Luiz Carlos Ruiz Pessenda,Luiz Carlos Ruiz Pessenda,B+N+Q,Biologia na Agricultura e no Ambiente; Energia Nuclear na Agricultura e no Ambiente; Química na Agricultura e no Ambiente,1,1,1,37
Marisa de Cassia Piccolo,Marisa de Cassia Piccolo,B,Biologia na Agricultura e no Ambiente,1,0,0,36
Marli de Fatima Fiore,Marli de Fatima Fiore,B+N+Q,Biologia na Agricultura e no Ambiente; Energia Nuclear na Agricultura e no Ambiente; Química na Agricultura e no Ambiente,1,1,1,32
Tsai Siu Mui,Tsai Siu Mui,B+N+Q,Biologia na Agricultura e no Ambiente; Energia Nuclear na Agricultura e no Ambiente; Química na Agricultura e no Ambiente,1,1,1,73
Luiz Antonio Martinelli,Luiz Antonio Martinelli,N,Energia Nuclear na Agricultura e no Ambiente,0,1,0,48
Quirijn de Jong van Lier,Quirijn de Jong van Lier,N,Energia Nuclear na Agricultura e no Ambiente,0,1,0,46
Thiago de Araújo Mastrangelo,Thiago de Araújo Mastrangelo,N,Energia Nuclear na Agricultura e no Ambiente,0,1,0,14
Valter Arthur,Valter Arthur,N,Energia Nuclear na Agricultura e no Ambiente,0,1,0,42
Alex Virgilio,Alex Virgilio,Q,Química na Agricultura e no Ambiente,0,0,1,14
Celia Regina Montes,Celia Regina Montes,Q,Química na Agricultura e no Ambiente,0,0,1,20
Fabio Rodrigo Piovezani Rocha,Fabio Rodrigo Piovezani Rocha,Q,Química na Agricultura e no Ambiente,0,0,1,45
Marcos Yassuo Kamogawa,Marcos Yassuo Kamogawa,Q,Química na Agricultura e no Ambiente,0,0,1,5
Severino Matias de Alencar,Severino Matias de Alencar,Q,Química na Agricultura e no Ambiente,0,0,1,104
Wanessa Melchert Mattos,Wanessa Melchert Mattos,Q,Química na Agricultura e no Ambiente,0,0,1,35
