source,target,weight
Adibe Luiz Abdalla,Helder Louvandini,31
Lucas William Mendes,Tsai Siu Mui,22
Samara Soares,Fabio Rodrigo Piovezani Rocha,16
Hudson Wallace Pereira de Carvalho,José Lavres Junior,14
Kassio Ferreira Mendes,Valdemar Luiz Tornisielo,14
Luiz Antonio Martinelli,Plínio Barbosa de Camargo,13
Plínio Barbosa de Camargo,Tsai Siu Mui,11
Luiz Antonio Martinelli,Maria Gabriella da Silva Araújo,9
Francisco Scaglia Linhares,José Lavres Junior,7
Marli de Fatima Fiore,Ernani Pinto Junior,7
Helder Louvandini,Elisabete Aparecida De Nadai Fernandes,6
Lílian Angélica Moreira,Eduardo Mariano,6
Adibe Luiz Abdalla,Elisabete Aparecida De Nadai Fernandes,5
Cassio Hamilton Abreu Junior,José Lavres Junior,5
Eduardo Mariano,José Lavres Junior,5
Lucas William Mendes,Plínio Barbosa de Camargo,5
Adibe Luiz Abdalla,Lucas William Mendes,4
Alex Vladimir Krusche,Maria Gabriella da Silva Araújo,4
Diego Mauricio Riaño Pachón,Flavia Vischi Winck,4
Helder Louvandini,Lucas William Mendes,4
Luiz Antonio Martinelli,Eduardo Mariano,4
Luiz Antonio Martinelli,Marcelo Zacharias Moreira,4
Marcelo Zacharias Moreira,Plínio Barbosa de Camargo,4
Adriana Pinheiro Martinelli,José Lavres Junior,3
Lílian Angélica Moreira,Hudson Wallace Pereira de Carvalho,3
Lílian Angélica Moreira,José Lavres Junior,3
Maria Gabriella da Silva Araújo,Eduardo Mariano,3
Maria Gabriella da Silva Araújo,Plínio Barbosa de Camargo,3
Marli de Fatima Fiore,Plínio Barbosa de Camargo,3
Paulo César Ocheuze Trivelin,Eduardo Mariano,3
Thiago de Araújo Mastrangelo,Valter Arthur,3
Alex Virgilio,Hudson Wallace Pereira de Carvalho,2
Antonio Vargas de Oliveira Figueira,Diego Mauricio Riaño Pachón,2
Deoclecio Jardim Amorim,José Lavres Junior,2
Eduardo Mariano,Hudson Wallace Pereira de Carvalho,2
Elias Ayres Guidetti Zagatto,Luiz Carlos Ruiz Pessenda,2
Fabio Rodrigo Piovezani Rocha,Elias Ayres Guidetti Zagatto,2
Francisco Scaglia Linhares,Hudson Wallace Pereira de Carvalho,2
Helder Louvandini,Tsai Siu Mui,2
Lucas William Mendes,Elisabete Aparecida De Nadai Fernandes,2
Lucas William Mendes,José Lavres Junior,2
Luiz Antonio Martinelli,Deoclecio Jardim Amorim,2
Marcelo Zacharias Moreira,Maria Gabriella da Silva Araújo,2
Marcelo Zacharias Moreira,Tsai Siu Mui,2
Maria Gabriella da Silva Araújo,Deoclecio Jardim Amorim,2
Maria Victoria Ramos Ballester,Plínio Barbosa de Camargo,2
Marli de Fatima Fiore,Tsai Siu Mui,2
Plínio Barbosa de Camargo,Eduardo Mariano,2
Tsai Siu Mui,Eduardo Mariano,2
Adibe Luiz Abdalla,Adriana Pinheiro Martinelli,1
Adibe Luiz Abdalla,Hudson Wallace Pereira de Carvalho,1
Adibe Luiz Abdalla,José Lavres Junior,1
Adibe Luiz Abdalla,Marcelo Zacharias Moreira,1
Adibe Luiz Abdalla,Tsai Siu Mui,1
Adriana Pinheiro Martinelli,Cassio Hamilton Abreu Junior,1
Adriana Pinheiro Martinelli,Flavia Vischi Winck,1
Adriana Pinheiro Martinelli,Helder Louvandini,1
Alex Virgilio,José Lavres Junior,1
Alex Vladimir Krusche,Marcelo Zacharias Moreira,1
Antonio Vargas de Oliveira Figueira,José Lavres Junior,1
Antonio Vargas de Oliveira Figueira,Luiz Antonio Martinelli,1
Antonio Vargas de Oliveira Figueira,Marcelo Zacharias Moreira,1
Antonio Vargas de Oliveira Figueira,Plínio Barbosa de Camargo,1
Cassio Hamilton Abreu Junior,Eduardo Mariano,1
Cassio Hamilton Abreu Junior,Hudson Wallace Pereira de Carvalho,1
Cassio Hamilton Abreu Junior,Paulo César Ocheuze Trivelin,1
Deoclecio Jardim Amorim,Eduardo Mariano,1
Deoclecio Jardim Amorim,Hudson Wallace Pereira de Carvalho,1
Diego Mauricio Riaño Pachón,Lucas William Mendes,1
Diego Mauricio Riaño Pachón,Marli de Fatima Fiore,1
Elias Ayres Guidetti Zagatto,Boaventura Freire dos Reis,1
Elisabete Aparecida De Nadai Fernandes,Hudson Wallace Pereira de Carvalho,1
Ernani Pinto Junior,Deoclecio Jardim Amorim,1
Ernani Pinto Junior,Tsai Siu Mui,1
Fabio Rodrigo Piovezani Rocha,Alex Virgilio,1
Fabio Rodrigo Piovezani Rocha,Boaventura Freire dos Reis,1
Flavia Vischi Winck,José Lavres Junior,1
Francisco Scaglia Linhares,Alex Virgilio,1
Francisco Scaglia Linhares,Paulo César Ocheuze Trivelin,1
Giuliano Maselli Locosselli,Deoclecio Jardim Amorim,1
Giuliano Maselli Locosselli,Mauricio Cruz Mantoani,1
Helder Louvandini,Hudson Wallace Pereira de Carvalho,1
Helder Louvandini,José Lavres Junior,1
Helder Louvandini,Valdemar Luiz Tornisielo,1
Lucas William Mendes,Marcelo Zacharias Moreira,1
Lucas William Mendes,Marli de Fatima Fiore,1
Luiz Antonio Martinelli,Hudson Wallace Pereira de Carvalho,1
Luiz Antonio Martinelli,Samara Soares,1
Luiz Carlos Ruiz Pessenda,Hudson Wallace Pereira de Carvalho,1
Lílian Angélica Moreira,Kassio Ferreira Mendes,1
Lílian Angélica Moreira,Luiz Antonio Martinelli,1
Lílian Angélica Moreira,Victor Alexandre Vitorello,1
Marcelo Zacharias Moreira,Eduardo Mariano,1
Maria Gabriella da Silva Araújo,Maria Victoria Ramos Ballester,1
Maria Gabriella da Silva Araújo,Tsai Siu Mui,1
Marília Campos,Luiz Carlos Ruiz Pessenda,1
Paulo César Ocheuze Trivelin,Tsai Siu Mui,1
Quirijn de Jong van Lier,Hudson Wallace Pereira de Carvalho,1
Rafael Silva Santos,Thaís Nascimento Pessoa,1
Samara Soares,Alex Virgilio,1
Thiago de Araújo Mastrangelo,Luiz Antonio Martinelli,1
Valter Arthur,Deoclecio Jardim Amorim,1
Valter Arthur,Hudson Wallace Pereira de Carvalho,1
Victor Alexandre Vitorello,Eduardo Mariano,1
Victor Alexandre Vitorello,Hudson Wallace Pereira de Carvalho,1
Victor Alexandre Vitorello,José Lavres Junior,1
