id,label,area_group,area_names,in_P,in_E,in_T,article_count,text_article_count,abstract_count,keyword_count
José Hernandes Lopes Filho,José Hernandes Lopes Filho,P,Divisão de Produtividade Agroindustrial e Alimentos,1,0,0,5,5,4,5
Lílian Angélica Moreira,Lílian Angélica Moreira,P,Divisão de Produtividade Agroindustrial e Alimentos,1,0,0,10,10,8,10
Adibe Luiz Abdalla,Adibe Luiz Abdalla,P,Divisão de Produtividade Agroindustrial e Alimentos,1,0,0,82,82,58,82
Adriana Pinheiro Martinelli,Adriana Pinheiro Martinelli,P,Divisão de Produtividade Agroindustrial e Alimentos,1,0,0,29,29,21,28
Antonio Vargas de Oliveira Figueira,Antonio Vargas de Oliveira Figueira,P,Divisão de Produtividade Agroindustrial e Alimentos,1,0,0,27,27,22,27
Augusto Tulmann Neto,Augusto Tulmann Neto,P,Divisão de Produtividade Agroindustrial e Alimentos,1,0,0,3,3,2,3
Cassio Hamilton Abreu Junior,Cassio Hamilton Abreu Junior,P,Divisão de Produtividade Agroindustrial e Alimentos,1,0,0,35,35,26,35
Diego Mauricio Riaño Pachón,Diego Mauricio Riaño Pachón,P,Divisão de Produtividade Agroindustrial e Alimentos,1,0,0,28,28,26,28
Flavia Vischi Winck,Flavia Vischi Winck,P,Divisão de Produtividade Agroindustrial e Alimentos,1,0,0,17,17,15,17
Francisco Scaglia Linhares,Francisco Scaglia Linhares,P,Divisão de Produtividade Agroindustrial e Alimentos,1,0,0,13,13,10,13
Helder Louvandini,Helder Louvandini,P,Divisão de Produtividade Agroindustrial e Alimentos,1,0,0,61,61,35,61
Lucas William Mendes,Lucas William Mendes,P,Divisão de Produtividade Agroindustrial e Alimentos,1,0,0,155,155,77,155
Thiago de Araújo Mastrangelo,Thiago de Araújo Mastrangelo,P,Divisão de Produtividade Agroindustrial e Alimentos,1,0,0,14,14,12,14
Marli de Fatima Fiore,Marli de Fatima Fiore,P,Divisão de Produtividade Agroindustrial e Alimentos,1,0,0,32,32,24,30
Valter Arthur,Valter Arthur,P,Divisão de Produtividade Agroindustrial e Alimentos,1,0,0,42,42,40,42
Alex Vladimir Krusche,Alex Vladimir Krusche,E,Divisão de  Funcionamento de Ecossistemas Tropicais,0,1,0,9,9,6,9
Ernani Pinto Junior,Ernani Pinto Junior,E,Divisão de  Funcionamento de Ecossistemas Tropicais,0,1,0,59,59,41,58
Kassio Ferreira Mendes,Kassio Ferreira Mendes,E,Divisão de  Funcionamento de Ecossistemas Tropicais,0,1,0,76,76,63,76
Luiz Antonio Martinelli,Luiz Antonio Martinelli,E,Divisão de  Funcionamento de Ecossistemas Tropicais,0,1,0,48,48,29,48
Quirijn de Jong van Lier,Quirijn de Jong van Lier,E,Divisão de  Funcionamento de Ecossistemas Tropicais,0,1,0,46,46,32,46
Giuliano Maselli Locosselli,Giuliano Maselli Locosselli,E,Divisão de  Funcionamento de Ecossistemas Tropicais,0,1,0,33,33,20,33
Marcelo Zacharias Moreira,Marcelo Zacharias Moreira,E,Divisão de  Funcionamento de Ecossistemas Tropicais,0,1,0,29,29,16,29
Maria Gabriella da Silva Araújo,Maria Gabriella da Silva Araújo,E,Divisão de  Funcionamento de Ecossistemas Tropicais,0,1,0,15,15,10,15
Maria Victoria Ramos Ballester,Maria Victoria Ramos Ballester,E,Divisão de  Funcionamento de Ecossistemas Tropicais,0,1,0,8,8,7,8
Marília Campos,Marília Campos,T,Divisão de Desenvolvimento de Métodos e Técnicas Analíticas Nucleares,0,0,1,23,23,9,23
Mauricio Cruz Mantoani,Mauricio Cruz Mantoani,E,Divisão de  Funcionamento de Ecossistemas Tropicais,0,1,0,22,22,17,22
Paulo César Ocheuze Trivelin,Paulo César Ocheuze Trivelin,T,Divisão de Desenvolvimento de Métodos e Técnicas Analíticas Nucleares,0,0,1,14,14,8,14
Plínio Barbosa de Camargo,Plínio Barbosa de Camargo,E,Divisão de  Funcionamento de Ecossistemas Tropicais,0,1,0,95,95,53,95
Rafael Silva Santos,Rafael Silva Santos,E,Divisão de  Funcionamento de Ecossistemas Tropicais,0,1,0,17,17,6,17
Samara Soares,Samara Soares,T,Divisão de Desenvolvimento de Métodos e Técnicas Analíticas Nucleares,0,0,1,17,17,5,17
Thaís Nascimento Pessoa,Thaís Nascimento Pessoa,E,Divisão de  Funcionamento de Ecossistemas Tropicais,0,1,0,13,13,6,13
Tsai Siu Mui,Tsai Siu Mui,P,Divisão de Produtividade Agroindustrial e Alimentos,1,0,0,73,73,50,73
Victor Alexandre Vitorello,Victor Alexandre Vitorello,P,Divisão de Produtividade Agroindustrial e Alimentos,1,0,0,2,2,2,2
Valdemar Luiz Tornisielo,Valdemar Luiz Tornisielo,E,Divisão de  Funcionamento de Ecossistemas Tropicais,0,1,0,35,35,25,35
Fabio Rodrigo Piovezani Rocha,Fabio Rodrigo Piovezani Rocha,T,Divisão de Desenvolvimento de Métodos e Técnicas Analíticas Nucleares,0,0,1,45,45,22,45
Deoclecio Jardim Amorim,Deoclecio Jardim Amorim,T,Divisão de Desenvolvimento de Métodos e Técnicas Analíticas Nucleares,0,0,1,15,15,12,15
Eduardo Mariano,Eduardo Mariano,T,Divisão de Desenvolvimento de Métodos e Técnicas Analíticas Nucleares,0,0,1,27,27,16,27
Elias Ayres Guidetti Zagatto,Elias Ayres Guidetti Zagatto,T,Divisão de Desenvolvimento de Métodos e Técnicas Analíticas Nucleares,0,0,1,8,8,6,8
Boaventura Freire dos Reis,Boaventura Freire dos Reis,T,Divisão de Desenvolvimento de Métodos e Técnicas Analíticas Nucleares,0,0,1,4,4,3,4
Luiz Carlos Ruiz Pessenda,Luiz Carlos Ruiz Pessenda,T,Divisão de Desenvolvimento de Métodos e Técnicas Analíticas Nucleares,0,0,1,37,37,19,37
Elisabete Aparecida De Nadai Fernandes,Elisabete Aparecida De Nadai Fernandes,T,Divisão de Desenvolvimento de Métodos e Técnicas Analíticas Nucleares,0,0,1,20,20,10,20
Alex Virgilio,Alex Virgilio,T,Divisão de Desenvolvimento de Métodos e Técnicas Analíticas Nucleares,0,0,1,14,14,10,14
Hudson Wallace Pereira de Carvalho,Hudson Wallace Pereira de Carvalho,T,Divisão de Desenvolvimento de Métodos e Técnicas Analíticas Nucleares,0,0,1,80,80,50,80
José Lavres Junior,José Lavres Junior,T,Divisão de Desenvolvimento de Métodos e Técnicas Analíticas Nucleares,0,0,1,91,91,58,91
