supervisor,Adibe Luiz Abdalla,Adriana Pinheiro Martinelli,Antonio Vargas de Oliveira Figueira,Augusto Tulmann Neto,Cassio Hamilton Abreu Junior,Diego Mauricio Riaño Pachón,Flavia Vischi Winck,Francisco Scaglia Linhares,Helder Louvandini,Lucas William Mendes,Thiago de Araújo Mastrangelo,Marli de Fatima Fiore,Valter Arthur,Alex Vladimir Krusche,Ernani Pinto Junior,Kassio Ferreira Mendes,Luiz Antonio Martinelli,Quirijn de Jong van Lier,Giuliano Maselli Locosselli,Marcelo Zacharias Moreira,Maria Gabriella da Silva Araújo,Maria Victoria Ramos Ballester,Marília Campos,Mauricio Cruz Mantoani,Paulo César Ocheuze Trivelin,Plínio Barbosa de Camargo,Rafael Silva Santos,Samara Soares,Thaís Nascimento Pessoa,Tsai Siu Mui,Victor Alexandre Vitorello,Valdemar Luiz Tornisielo,Fabio Rodrigo Piovezani Rocha,Deoclecio Jardim Amorim,Eduardo Mariano,Elias Ayres Guidetti Zagatto,Boaventura Freire dos Reis,Luiz Carlos Ruiz Pessenda,Elisabete Aparecida De Nadai Fernandes,Alex Virgilio,Hudson Wallace Pereira de Carvalho,José Lavres Junior
Adibe Luiz Abdalla,1.000000,0.821720,0.873101,0.772129,0.890307,0.863003,0.862120,0.856579,0.931205,0.886669,0.873459,0.825525,0.887952,0.824355,0.866964,0.879205,0.901605,0.820994,0.817845,0.878683,0.854407,0.830808,0.766455,0.867872,0.875285,0.883112,0.870216,0.830718,0.806558,0.889552,0.820915,0.876071,0.855163,0.912791,0.901477,0.808932,0.800162,0.810699,0.878810,0.878428,0.884647,0.892426
Adriana Pinheiro Martinelli,0.821720,1.000000,0.916940,0.810237,0.848020,0.899903,0.842699,0.892740,0.822755,0.861975,0.868228,0.848288,0.856020,0.774221,0.836966,0.854978,0.865962,0.798266,0.865724,0.847576,0.834298,0.822760,0.793591,0.871991,0.833701,0.880009,0.810237,0.786720,0.800114,0.857501,0.828194,0.833600,0.798750,0.894190,0.841592,0.759947,0.749790,0.860407,0.835739,0.804087,0.872980,0.851769
Antonio Vargas de Oliveira Figueira,0.873101,0.916940,1.000000,0.827695,0.891254,0.942709,0.900859,0.926846,0.871689,0.898883,0.896308,0.866022,0.882367,0.797002,0.868511,0.874742,0.881343,0.821154,0.844340,0.847182,0.844592,0.829868,0.781648,0.874314,0.895904,0.876840,0.836265,0.805227,0.798830,0.890263,0.887419,0.869179,0.825931,0.925697,0.895351,0.783761,0.784486,0.822348,0.862578,0.828262,0.898815,0.917829
Augusto Tulmann Neto,0.772129,0.810237,0.827695,1.000000,0.802917,0.792004,0.774236,0.818817,0.774229,0.760977,0.847466,0.740519,0.909188,0.698201,0.775293,0.802450,0.765310,0.730242,0.746574,0.738337,0.725196,0.722077,0.674220,0.763111,0.770233,0.763277,0.720607,0.736284,0.728200,0.751229,0.762786,0.781817,0.755921,0.827726,0.772663,0.708836,0.710473,0.736853,0.798086,0.774590,0.828291,0.815680
Cassio Hamilton Abreu Junior,0.890307,0.848020,0.891254,0.802917,1.000000,0.862912,0.871560,0.921055,0.871048,0.923212,0.854054,0.836358,0.884306,0.859364,0.863616,0.918033,0.921885,0.890265,0.872276,0.872561,0.887751,0.908246,0.788960,0.894629,0.925863,0.924329,0.919184,0.840407,0.906488,0.917055,0.876766,0.912925,0.864018,0.928191,0.954282,0.818488,0.795344,0.859951,0.891779,0.892555,0.958170,0.963781
Diego Mauricio Riaño Pachón,0.863003,0.899903,0.942709,0.792004,0.862912,1.000000,0.934816,0.895637,0.867481,0.905360,0.883046,0.904207,0.859593,0.803912,0.893580,0.847088,0.882637,0.804273,0.842496,0.858374,0.850488,0.820877,0.787114,0.870786,0.844201,0.876253,0.813061,0.809278,0.780137,0.910010,0.863812,0.857485,0.830627,0.910054,0.869860,0.799761,0.787552,0.823245,0.865361,0.818289,0.876046,0.888363
Flavia Vischi Winck,0.862120,0.842699,0.900859,0.774236,0.871560,0.934816,1.000000,0.890601,0.862886,0.895898,0.862305,0.922420,0.866741,0.812989,0.924526,0.840054,0.875894,0.794496,0.824699,0.848779,0.840450,0.811901,0.777303,0.864415,0.832425,0.862360,0.808833,0.844923,0.780964,0.891370,0.857442,0.855871,0.862708,0.898506,0.867198,0.830927,0.812356,0.807841,0.869268,0.849951,0.891683,0.886059
Francisco Scaglia Linhares,0.856579,0.892740,0.926846,0.818817,0.921055,0.895637,0.890601,1.000000,0.844839,0.877890,0.843935,0.835669,0.872808,0.788187,0.851517,0.870878,0.876096,0.829345,0.829008,0.835715,0.836874,0.825520,0.751738,0.842948,0.886090,0.868458,0.833907,0.830557,0.827797,0.859734,0.910002,0.859551,0.841814,0.917485,0.911582,0.792416,0.777598,0.805380,0.873028,0.861491,0.943106,0.924946
Helder Louvandini,0.931205,0.822755,0.871689,0.774229,0.871048,0.867481,0.862886,0.844839,1.000000,0.869880,0.883838,0.817387,0.884624,0.798785,0.871794,0.876207,0.881067,0.789280,0.799970,0.872541,0.832970,0.807100,0.750293,0.855441,0.843783,0.859639,0.839983,0.826687,0.787054,0.861213,0.806109,0.871085,0.848769,0.903475,0.871816,0.804078,0.796076,0.795761,0.863706,0.869871,0.875594,0.872078
Lucas William Mendes,0.886669,0.861975,0.898883,0.760977,0.923212,0.905360,0.895898,0.877890,0.869880,1.000000,0.854862,0.887678,0.850019,0.838326,0.866371,0.880624,0.912628,0.852072,0.855079,0.882692,0.882703,0.891055,0.790238,0.913252,0.881342,0.918508,0.907565,0.806235,0.870519,0.962672,0.848662,0.890197,0.828029,0.911369,0.931761,0.785944,0.762069,0.855585,0.845727,0.830611,0.902061,0.917107
Thiago de Araújo Mastrangelo,0.873459,0.868228,0.896308,0.847466,0.854054,0.883046,0.862305,0.843935,0.883838,0.854862,1.000000,0.834956,0.903646,0.783776,0.865152,0.859921,0.853433,0.784917,0.819818,0.856547,0.829585,0.811431,0.764539,0.865933,0.832089,0.853766,0.801963,0.834328,0.767296,0.847203,0.792448,0.859649,0.848646,0.920843,0.843616,0.798664,0.787019,0.810212,0.889840,0.840525,0.873354,0.861882
Marli de Fatima Fiore,0.825525,0.848288,0.866022,0.740519,0.836358,0.904207,0.922420,0.835669,0.817387,0.887678,0.834956,1.000000,0.824700,0.831323,0.935914,0.824090,0.869172,0.761490,0.808535,0.861409,0.855481,0.798300,0.806275,0.862498,0.809835,0.849195,0.786826,0.811307,0.751591,0.887378,0.811157,0.847205,0.829268,0.863656,0.852223,0.806840,0.771581,0.834381,0.824071,0.810685,0.848708,0.855298
Valter Arthur,0.887952,0.856020,0.882367,0.909188,0.884306,0.859593,0.866741,0.872808,0.884624,0.850019,0.903646,0.824700,1.000000,0.782868,0.878841,0.885592,0.866056,0.798854,0.816408,0.833297,0.813596,0.799606,0.753222,0.857863,0.849417,0.848878,0.807032,0.871563,0.798085,0.838003,0.821853,0.874650,0.891267,0.904088,0.857608,0.830061,0.838542,0.810709,0.912764,0.892945,0.908140,0.890427
Alex Vladimir Krusche,0.824355,0.774221,0.797002,0.698201,0.859364,0.803912,0.812989,0.788187,0.798785,0.838326,0.783776,0.831323,0.782868,1.000000,0.839079,0.813803,0.917732,0.857521,0.864580,0.882297,0.896030,0.880082,0.849411,0.880137,0.824604,0.926367,0.873911,0.771279,0.814413,0.889804,0.749887,0.831710,0.792552,0.873354,0.868218,0.823732,0.754449,0.884689,0.801452,0.793087,0.830283,0.843673
Ernani Pinto Junior,0.866964,0.836966,0.868511,0.775293,0.863616,0.893580,0.924526,0.851517,0.871794,0.866371,0.865152,0.935914,0.878841,0.839079,1.000000,0.884206,0.880789,0.769388,0.808452,0.864880,0.851167,0.794777,0.778636,0.867673,0.827895,0.858691,0.791585,0.868255,0.762530,0.862411,0.821544,0.904032,0.887221,0.882570,0.858173,0.851540,0.829136,0.817379,0.871931,0.867115,0.883063,0.875651
Kassio Ferreira Mendes,0.879205,0.854978,0.874742,0.802450,0.918033,0.847088,0.840054,0.870878,0.876207,0.880624,0.859921,0.824090,0.885592,0.813803,0.884206,1.000000,0.881361,0.849226,0.831463,0.843137,0.839609,0.851698,0.752381,0.886495,0.887001,0.877699,0.865660,0.826031,0.856759,0.867575,0.831361,0.969086,0.852828,0.915188,0.902269,0.813174,0.800345,0.827660,0.863528,0.850212,0.916261,0.911356
Luiz Antonio Martinelli,0.901605,0.865962,0.881343,0.765310,0.921885,0.882637,0.875894,0.876096,0.881067,0.912628,0.853433,0.869172,0.866056,0.917732,0.880789,0.881361,1.000000,0.878027,0.921985,0.968995,0.903290,0.931410,0.887235,0.927972,0.902175,0.972827,0.929303,0.835260,0.854919,0.934460,0.818128,0.889773,0.861773,0.939838,0.913162,0.842152,0.798368,0.921625,0.902364,0.872735,0.906060,0.919599
Quirijn de Jong van Lier,0.820994,0.798266,0.821154,0.730242,0.890265,0.804273,0.794496,0.829345,0.789280,0.852072,0.784917,0.761490,0.798854,0.857521,0.769388,0.849226,0.878027,1.000000,0.861985,0.816423,0.869710,0.889475,0.801735,0.853471,0.863363,0.890521,0.901538,0.769210,0.923262,0.861814,0.796748,0.846738,0.794069,0.873527,0.883827,0.793568,0.754795,0.842231,0.803207,0.786675,0.860688,0.875315
Giuliano Maselli Locosselli,0.817845,0.865724,0.844340,0.746574,0.872276,0.842496,0.824699,0.829008,0.799970,0.855079,0.819818,0.808535,0.816408,0.864580,0.808452,0.831463,0.921985,0.861985,1.000000,0.888431,0.907629,0.910069,0.862843,0.911132,0.832564,0.944615,0.871530,0.783080,0.821514,0.879398,0.779033,0.825951,0.796600,0.904187,0.862297,0.784629,0.755902,0.913579,0.820783,0.788714,0.850714,0.865895
Marcelo Zacharias Moreira,0.878683,0.847576,0.847182,0.738337,0.872561,0.858374,0.848779,0.835715,0.872541,0.882692,0.856547,0.861409,0.833297,0.882297,0.864880,0.843137,0.968995,0.816423,0.888431,1.000000,0.946419,0.885488,0.876652,0.900661,0.854590,0.952268,0.882442,0.806568,0.799120,0.894905,0.775975,0.857846,0.817828,0.926516,0.886804,0.805784,0.752091,0.907728,0.878529,0.838141,0.864333,0.875384
Maria Gabriella da Silva Araújo,0.854407,0.834298,0.844592,0.725196,0.887751,0.850488,0.840450,0.836874,0.832970,0.882703,0.829585,0.855481,0.813596,0.896030,0.851167,0.839609,0.903290,0.869710,0.907629,0.946419,1.000000,0.913892,0.899149,0.909497,0.865736,0.966906,0.912208,0.809092,0.842642,0.911586,0.788970,0.852677,0.820627,0.899589,0.879400,0.814938,0.762477,0.921571,0.855589,0.832224,0.871305,0.884410
Maria Victoria Ramos Ballester,0.830808,0.822760,0.829868,0.722077,0.908246,0.820877,0.811901,0.825520,0.807100,0.891055,0.811431,0.798300,0.799606,0.880082,0.794777,0.851698,0.931410,0.889475,0.910069,0.885488,0.913892,1.000000,0.824547,0.890826,0.866837,0.934100,0.943360,0.784312,0.877692,0.912538,0.780281,0.848567,0.800892,0.899310,0.909029,0.771365,0.741264,0.888768,0.831949,0.801729,0.877053,0.885771
Marília Campos,0.766455,0.793591,0.781648,0.674220,0.788960,0.787114,0.777303,0.751738,0.750293,0.790238,0.764539,0.806275,0.753222,0.849411,0.778636,0.752381,0.887235,0.801735,0.862843,0.876652,0.899149,0.824547,1.000000,0.849720,0.758399,0.897234,0.819876,0.733641,0.762840,0.829281,0.710540,0.758628,0.742289,0.847469,0.806311,0.755175,0.702043,0.914999,0.763917,0.750758,0.777576,0.781488
Mauricio Cruz Mantoani,0.867872,0.871991,0.874314,0.763111,0.894629,0.870786,0.864415,0.842948,0.855441,0.913252,0.865933,0.862498,0.857863,0.880137,0.867673,0.886495,0.927972,0.853471,0.911132,0.900661,0.909497,0.890826,0.849720,1.000000,0.860416,0.944567,0.896198,0.806757,0.833375,0.926733,0.799078,0.885483,0.825616,0.922647,0.898638,0.807863,0.773547,0.902695,0.847524,0.821011,0.877585,0.886120
Paulo César Ocheuze Trivelin,0.875285,0.833701,0.895904,0.770233,0.925863,0.844201,0.832425,0.886090,0.843783,0.881342,0.832089,0.809835,0.849417,0.824604,0.827895,0.887001,0.902175,0.863363,0.832564,0.854590,0.865736,0.866837,0.758399,0.860416,1.000000,0.891349,0.875667,0.797127,0.837930,0.869252,0.866738,0.880657,0.821903,0.901898,0.960274,0.785913,0.771465,0.820503,0.851900,0.839386,0.910063,0.947837
Plínio Barbosa de Camargo,0.883112,0.880009,0.876840,0.763277,0.924329,0.876253,0.862360,0.868458,0.859639,0.918508,0.853766,0.849195,0.848878,0.926367,0.858691,0.877699,0.972827,0.890521,0.944615,0.952268,0.966906,0.934100,0.897234,0.944567,0.891349,1.000000,0.950232,0.815405,0.872520,0.939744,0.814778,0.879254,0.830857,0.945170,0.922858,0.813685,0.771077,0.946386,0.868673,0.839760,0.897666,0.914007
Rafael Silva Santos,0.870216,0.810237,0.836265,0.720607,0.919184,0.813061,0.808833,0.833907,0.839983,0.907565,0.801963,0.786826,0.807032,0.873911,0.791585,0.865660,0.929303,0.901538,0.871530,0.882442,0.912208,0.943360,0.819876,0.896198,0.875667,0.950232,1.000000,0.772261,0.882585,0.924455,0.791507,0.857421,0.791870,0.896013,0.926830,0.756403,0.725053,0.873870,0.832518,0.805286,0.877385,0.892818
Samara Soares,0.830718,0.786720,0.805227,0.736284,0.840407,0.809278,0.844923,0.830557,0.826687,0.806235,0.834328,0.811307,0.871563,0.771279,0.868255,0.826031,0.835260,0.769210,0.783080,0.806568,0.809092,0.784312,0.733641,0.806757,0.797127,0.815405,0.772261,1.000000,0.771565,0.797321,0.789654,0.832151,0.779172,0.860197,0.822178,0.905512,0.898959,0.768695,0.904368,0.924103,0.894773,0.855219
Thaís Nascimento Pessoa,0.806558,0.800114,0.798830,0.728200,0.906488,0.780137,0.780964,0.827797,0.787054,0.870519,0.767296,0.751591,0.798085,0.814413,0.762530,0.856759,0.854919,0.923262,0.821514,0.799120,0.842642,0.877692,0.762840,0.833375,0.837930,0.872520,0.882585,0.771565,1.000000,0.863073,0.800054,0.850178,0.794901,0.844844,0.878534,0.770302,0.733811,0.823851,0.809373,0.798149,0.884693,0.873127
Tsai Siu Mui,0.889552,0.857501,0.890263,0.751229,0.917055,0.910010,0.891370,0.859734,0.861213,0.962672,0.847203,0.887378,0.838003,0.889804,0.862411,0.867575,0.934460,0.861814,0.879398,0.894905,0.911586,0.912538,0.829281,0.926733,0.869252,0.939744,0.924455,0.797321,0.863073,1.000000,0.835302,0.881587,0.819923,0.914907,0.928095,0.791084,0.762263,0.884010,0.854962,0.821708,0.885500,0.905158
Victor Alexandre Vitorello,0.820915,0.828194,0.887419,0.762786,0.876766,0.863812,0.857442,0.910002,0.806109,0.848662,0.792448,0.811157,0.821853,0.749887,0.821544,0.831361,0.818128,0.796748,0.779033,0.775975,0.788970,0.780281,0.710540,0.799078,0.866738,0.814778,0.791507,0.789654,0.800054,0.835302,1.000000,0.831360,0.811239,0.854069,0.738768,0.758999,0.763419,0.756127,0.812932,0.819784,0.773551,0.790260
Valdemar Luiz Tornisielo,0.876071,0.833600,0.869179,0.781817,0.912925,0.857485,0.855871,0.859551,0.871085,0.890197,0.859649,0.847205,0.874650,0.831710,0.904032,0.969086,0.889773,0.846738,0.825951,0.857846,0.852677,0.848567,0.758628,0.885483,0.880657,0.879254,0.857421,0.832151,0.850178,0.881587,0.831360,1.000000,0.860008,0.911962,0.903698,0.826343,0.802576,0.829359,0.866395,0.852995,0.911733,0.905296
Fabio Rodrigo Piovezani Rocha,0.855163,0.798750,0.825931,0.755921,0.864018,0.830627,0.862708,0.841814,0.848769,0.828029,0.848646,0.829268,0.891267,0.792552,0.887221,0.852828,0.861773,0.794069,0.796600,0.817828,0.820627,0.800892,0.742289,0.825616,0.821903,0.830857,0.791870,0.779172,0.794901,0.819923,0.811239,0.860008,1.000000,0.877272,0.844650,0.914673,0.867677,0.782854,0.919565,0.940134,0.907038,0.871026
Deoclecio Jardim Amorim,0.912791,0.894190,0.925697,0.827726,0.928191,0.910054,0.898506,0.917485,0.903475,0.911369,0.920843,0.863656,0.904088,0.873354,0.882570,0.915188,0.939838,0.873527,0.904187,0.926516,0.899589,0.899310,0.847469,0.922647,0.901898,0.945170,0.896013,0.860197,0.844844,0.914907,0.854069,0.911962,0.877272,1.000000,0.916883,0.846798,0.822954,0.886859,0.918422,0.881314,0.930267,0.925236
Eduardo Mariano,0.901477,0.841592,0.895351,0.772663,0.954282,0.869860,0.867198,0.911582,0.871816,0.931761,0.843616,0.852223,0.857608,0.868218,0.858173,0.902269,0.913162,0.883827,0.862297,0.886804,0.879400,0.909029,0.806311,0.898638,0.960274,0.922858,0.926830,0.822178,0.878534,0.928095,0.738768,0.903698,0.844650,0.916883,1.000000,0.808789,0.782947,0.857877,0.877600,0.865039,0.929815,0.955692
Elias Ayres Guidetti Zagatto,0.808932,0.759947,0.783761,0.708836,0.818488,0.799761,0.830927,0.792416,0.804078,0.785944,0.798664,0.806840,0.830061,0.823732,0.851540,0.813174,0.842152,0.793568,0.784629,0.805784,0.814938,0.771365,0.755175,0.807863,0.785913,0.813685,0.756403,0.905512,0.770302,0.791084,0.758999,0.826343,0.914673,0.846798,0.808789,1.000000,0.867852,0.744359,0.857913,0.890716,0.850250,0.824887
Boaventura Freire dos Reis,0.800162,0.749790,0.784486,0.710473,0.795344,0.787552,0.812356,0.777598,0.796076,0.762069,0.787019,0.771581,0.838542,0.754449,0.829136,0.800345,0.798368,0.754795,0.755902,0.752091,0.762477,0.741264,0.702043,0.773547,0.771465,0.771077,0.725053,0.898959,0.733811,0.762263,0.763419,0.802576,0.867677,0.822954,0.782947,0.867852,1.000000,0.729937,0.834417,0.856770,0.834478,0.803634
Luiz Carlos Ruiz Pessenda,0.810699,0.860407,0.822348,0.736853,0.859951,0.823245,0.807841,0.805380,0.795761,0.855585,0.810212,0.834381,0.810709,0.884689,0.817379,0.827660,0.921625,0.842231,0.913579,0.907728,0.921571,0.888768,0.914999,0.902695,0.820503,0.946386,0.873870,0.768695,0.823851,0.884010,0.756127,0.829359,0.782854,0.886859,0.857877,0.744359,0.729937,1.000000,0.810388,0.789343,0.838288,0.844281
Elisabete Aparecida De Nadai Fernandes,0.878810,0.835739,0.862578,0.798086,0.891779,0.865361,0.869268,0.873028,0.863706,0.845727,0.889840,0.824071,0.912764,0.801452,0.871931,0.863528,0.902364,0.803207,0.820783,0.878529,0.855589,0.831949,0.763917,0.847524,0.851900,0.868673,0.832518,0.904368,0.809373,0.854962,0.812932,0.866395,0.919565,0.918422,0.877600,0.857913,0.834417,0.810388,1.000000,0.938362,0.916522,0.900966
Alex Virgilio,0.878428,0.804087,0.828262,0.774590,0.892555,0.818289,0.849951,0.861491,0.869871,0.830611,0.840525,0.810685,0.892945,0.793087,0.867115,0.850212,0.872735,0.786675,0.788714,0.838141,0.832224,0.801729,0.750758,0.821011,0.839386,0.839760,0.805286,0.924103,0.798149,0.821708,0.819784,0.852995,0.940134,0.881314,0.865039,0.890716,0.856770,0.789343,0.938362,1.000000,0.917675,0.889451
Hudson Wallace Pereira de Carvalho,0.884647,0.872980,0.898815,0.828291,0.958170,0.876046,0.891683,0.943106,0.875594,0.902061,0.873354,0.848708,0.908140,0.830283,0.883063,0.916261,0.906060,0.860688,0.850714,0.864333,0.871305,0.877053,0.777576,0.877585,0.910063,0.897666,0.877385,0.894773,0.884693,0.885500,0.773551,0.911733,0.907038,0.930267,0.929815,0.850250,0.834478,0.838288,0.916522,0.917675,1.000000,0.966935
José Lavres Junior,0.892426,0.851769,0.917829,0.815680,0.963781,0.888363,0.886059,0.924946,0.872078,0.917107,0.861882,0.855298,0.890427,0.843673,0.875651,0.911356,0.919599,0.875315,0.865895,0.875384,0.884410,0.885771,0.781488,0.886120,0.947837,0.914007,0.892818,0.855219,0.873127,0.905158,0.790260,0.905296,0.871026,0.925236,0.955692,0.824887,0.803634,0.844281,0.900966,0.889451,0.966935,1.000000
